setting_id,method,rank_pct,sel,kl_val_S,kl_S_val,P_S
ag_news_cls25_25_25_25_valbal1000_n5000_nv1000,A1,10.0,1,19.33697147582652,1.3862943610411562,"[0.0, 1.0, 0.0, 0.0]"
ag_news_cls25_25_25_25_valbal1000_n5000_nv1000,A1,10.0,2,19.33697147582652,1.3862943610411562,"[0.0, 1.0, 0.0, 0.0]"
ag_news_cls25_25_25_25_valbal1000_n5000_nv1000,A1,10.0,3,19.33697147582652,1.3862943610411562,"[0.0, 1.0, 0.0, 0.0]"
ag_news_cls25_25_25_25_valbal1000_n5000_nv1000,A1,10.0,5,19.33697147582652,1.3862943610411562,"[0.0, 1.0, 0.0, 0.0]"
ag_news_cls25_25_25_25_valbal1000_n5000_nv1000,A1,10.0,10,6.499466669219283,0.4429459687646067,"[0.4, 0.5, 0.0, 0.1]"
ag_news_cls25_25_25_25_valbal1000_n5000_nv1000,LR,10.0,1,19.33697147582652,1.3862943610411562,"[0.0, 1.0, 0.0, 0.0]"
ag_news_cls25_25_25_25_valbal1000_n5000_nv1000,LR,10.0,2,19.33697147582652,1.3862943610411562,"[0.0, 1.0, 0.0, 0.0]"
ag_news_cls25_25_25_25_valbal1000_n5000_nv1000,LR,10.0,3,12.805235546038451,0.7497801927725884,"[0.3333333333333333, 0.6666666666666666, 0.0, 0.0]"
ag_news_cls25_25_25_25_valbal1000_n5000_nv1000,LR,10.0,5,12.88736156278146,0.8858919375292134,"[0.2, 0.8, 0.0, 0.0]"
ag_news_cls25_25_25_25_valbal1000_n5000_nv1000,LR,10.0,10,6.52580679813374,0.4883486362368663,"[0.3, 0.6, 0.0, 0.1]"
ag_news_cls25_25_25_25_valbal1000_n5000_nv1000,FreeShap,,1,19.33697147582652,1.3862943610411562,"[0.0, 1.0, 0.0, 0.0]"
ag_news_cls25_25_25_25_valbal1000_n5000_nv1000,FreeShap,,2,19.33697147582652,1.3862943610411562,"[0.0, 1.0, 0.0, 0.0]"
ag_news_cls25_25_25_25_valbal1000_n5000_nv1000,FreeShap,,3,12.805235546038451,0.7497801927725884,"[0.3333333333333333, 0.6666666666666666, 0.0, 0.0]"
ag_news_cls25_25_25_25_valbal1000_n5000_nv1000,FreeShap,,5,12.88736156278146,0.8858919375292134,"[0.2, 0.8, 0.0, 0.0]"
ag_news_cls25_25_25_25_valbal1000_n5000_nv1000,FreeShap,,10,6.499466669219283,0.4429459687646067,"[0.4, 0.5, 0.0, 0.1]"
ag_news_cls25_25_25_25_valimb1000_cls55_15_15_15_n5000_nv1000,A1,10.0,1,11.251445158553608,0.5978370006784188,"[1.0, 0.0, 0.0, 0.0]"
ag_news_cls25_25_25_25_valimb1000_cls55_15_15_15_n5000_nv1000,A1,10.0,2,11.251445158553608,0.5978370006784188,"[1.0, 0.0, 0.0, 0.0]"
ag_news_cls25_25_25_25_valimb1000_cls55_15_15_15_n5000_nv1000,A1,10.0,3,11.251445158553608,0.5978370006784188,"[1.0, 0.0, 0.0, 0.0]"
ag_news_cls25_25_25_25_valimb1000_cls55_15_15_15_n5000_nv1000,A1,10.0,5,11.251445158553608,0.5978370006784188,"[1.0, 0.0, 0.0, 0.0]"
ag_news_cls25_25_25_25_valimb1000_cls55_15_15_15_n5000_nv1000,A1,10.0,10,11.251445158553608,0.5978370006784188,"[1.0, 0.0, 0.0, 0.0]"
ag_news_cls25_25_25_25_valimb1000_cls55_15_15_15_n5000_nv1000,LR,10.0,1,11.251445158553608,0.5978370006784188,"[1.0, 0.0, 0.0, 0.0]"
ag_news_cls25_25_25_25_valimb1000_cls55_15_15_15_n5000_nv1000,LR,10.0,2,11.251445158553608,0.5978370006784188,"[1.0, 0.0, 0.0, 0.0]"
ag_news_cls25_25_25_25_valimb1000_cls55_15_15_15_n5000_nv1000,LR,10.0,3,11.251445158553608,0.5978370006784188,"[1.0, 0.0, 0.0, 0.0]"
ag_news_cls25_25_25_25_valimb1000_cls55_15_15_15_n5000_nv1000,LR,10.0,5,11.251445158553608,0.5978370006784188,"[1.0, 0.0, 0.0, 0.0]"
ag_news_cls25_25_25_25_valimb1000_cls55_15_15_15_n5000_nv1000,LR,10.0,10,11.251445158553608,0.5978370006784188,"[1.0, 0.0, 0.0, 0.0]"
ag_news_cls25_25_25_25_valimb1000_cls55_15_15_15_n5000_nv1000,FreeShap,,1,11.251445158553608,0.5978370006784188,"[1.0, 0.0, 0.0, 0.0]"
ag_news_cls25_25_25_25_valimb1000_cls55_15_15_15_n5000_nv1000,FreeShap,,2,11.251445158553608,0.5978370006784188,"[1.0, 0.0, 0.0, 0.0]"
ag_news_cls25_25_25_25_valimb1000_cls55_15_15_15_n5000_nv1000,FreeShap,,3,11.251445158553608,0.5978370006784188,"[1.0, 0.0, 0.0, 0.0]"
ag_news_cls25_25_25_25_valimb1000_cls55_15_15_15_n5000_nv1000,FreeShap,,5,11.251445158553608,0.5978370006784188,"[1.0, 0.0, 0.0, 0.0]"
ag_news_cls25_25_25_25_valimb1000_cls55_15_15_15_n5000_nv1000,FreeShap,,10,11.251445158553608,0.5978370006784188,"[1.0, 0.0, 0.0, 0.0]"
ag_news_cls25_25_25_25_valimb1000_cls85_05_05_05_n5000_nv1000,A1,10.0,1,3.557152236283075,0.16251892942386906,"[1.0, 0.0, 0.0, 0.0]"
ag_news_cls25_25_25_25_valimb1000_cls85_05_05_05_n5000_nv1000,A1,10.0,2,3.557152236283075,0.16251892942386906,"[1.0, 0.0, 0.0, 0.0]"
ag_news_cls25_25_25_25_valimb1000_cls85_05_05_05_n5000_nv1000,A1,10.0,3,3.557152236283075,0.16251892942386906,"[1.0, 0.0, 0.0, 0.0]"
ag_news_cls25_25_25_25_valimb1000_cls85_05_05_05_n5000_nv1000,A1,10.0,5,3.557152236283075,0.16251892942386906,"[1.0, 0.0, 0.0, 0.0]"
ag_news_cls25_25_25_25_valimb1000_cls85_05_05_05_n5000_nv1000,A1,10.0,10,3.557152236283075,0.16251892942386906,"[1.0, 0.0, 0.0, 0.0]"
ag_news_cls25_25_25_25_valimb1000_cls85_05_05_05_n5000_nv1000,LR,10.0,1,3.557152236283075,0.16251892942386906,"[1.0, 0.0, 0.0, 0.0]"
ag_news_cls25_25_25_25_valimb1000_cls85_05_05_05_n5000_nv1000,LR,10.0,2,3.557152236283075,0.16251892942386906,"[1.0, 0.0, 0.0, 0.0]"
ag_news_cls25_25_25_25_valimb1000_cls85_05_05_05_n5000_nv1000,LR,10.0,3,3.557152236283075,0.16251892942386906,"[1.0, 0.0, 0.0, 0.0]"
ag_news_cls25_25_25_25_valimb1000_cls85_05_05_05_n5000_nv1000,LR,10.0,5,3.557152236283075,0.16251892942386906,"[1.0, 0.0, 0.0, 0.0]"
ag_news_cls25_25_25_25_valimb1000_cls85_05_05_05_n5000_nv1000,LR,10.0,10,3.557152236283075,0.16251892942386906,"[1.0, 0.0, 0.0, 0.0]"
ag_news_cls25_25_25_25_valimb1000_cls85_05_05_05_n5000_nv1000,FreeShap,,1,3.557152236283075,0.16251892942386906,"[1.0, 0.0, 0.0, 0.0]"
ag_news_cls25_25_25_25_valimb1000_cls85_05_05_05_n5000_nv1000,FreeShap,,2,3.557152236283075,0.16251892942386906,"[1.0, 0.0, 0.0, 0.0]"
ag_news_cls25_25_25_25_valimb1000_cls85_05_05_05_n5000_nv1000,FreeShap,,3,3.557152236283075,0.16251892942386906,"[1.0, 0.0, 0.0, 0.0]"
ag_news_cls25_25_25_25_valimb1000_cls85_05_05_05_n5000_nv1000,FreeShap,,5,3.557152236283075,0.16251892942386906,"[1.0, 0.0, 0.0, 0.0]"
ag_news_cls25_25_25_25_valimb1000_cls85_05_05_05_n5000_nv1000,FreeShap,,10,3.557152236283075,0.16251892942386906,"[1.0, 0.0, 0.0, 0.0]"
ag_news_cls55_15_15_15_val1000_n2000_nv1000,A1,10.0,1,19.033759881112427,1.3432348715807554,"[0.0, 1.0, 0.0, 0.0]"
ag_news_cls55_15_15_15_val1000_n2000_nv1000,A1,10.0,2,12.37245131565495,0.6636807611991492,"[0.0, 0.5, 0.5, 0.0]"
ag_news_cls55_15_15_15_val1000_n2000_nv1000,A1,10.0,3,12.405206462468428,0.7248447968483076,"[0.0, 0.3333333333333333, 0.6666666666666666, 0.0]"
ag_news_cls55_15_15_15_val1000_n2000_nv1000,A1,10.0,5,12.384382107122294,0.6865348887802537,"[0.0, 0.4, 0.6, 0.0]"
ag_news_cls55_15_15_15_val1000_n2000_nv1000,A1,10.0,10,6.476947312299152,0.42125442474367586,"[0.1, 0.5, 0.4, 0.0]"
ag_news_cls55_15_15_15_val1000_n2000_nv1000,LR,10.0,1,19.033759881112427,1.3432348715807554,"[0.0, 1.0, 0.0, 0.0]"
ag_news_cls55_15_15_15_val1000_n2000_nv1000,LR,10.0,2,19.033759881112427,1.3432348715807554,"[0.0, 1.0, 0.0, 0.0]"
ag_news_cls55_15_15_15_val1000_n2000_nv1000,LR,10.0,3,12.400354432204509,0.7157827500802554,"[0.0, 0.6666666666666666, 0.3333333333333333, 0.0]"
ag_news_cls55_15_15_15_val1000_n2000_nv1000,LR,10.0,5,12.381543851365537,0.6810976607194223,"[0.0, 0.6, 0.4, 0.0]"
ag_news_cls55_15_15_15_val1000_n2000_nv1000,LR,10.0,10,6.122506092034664,0.45775093781377285,"[0.0, 0.6, 0.3, 0.1]"
ag_news_cls55_15_15_15_val1000_n2000_nv1000,FreeShap,,1,19.033759881112427,1.3432348715807554,"[0.0, 1.0, 0.0, 0.0]"
ag_news_cls55_15_15_15_val1000_n2000_nv1000,FreeShap,,2,12.37245131565495,0.6636807611991492,"[0.0, 0.5, 0.5, 0.0]"
ag_news_cls55_15_15_15_val1000_n2000_nv1000,FreeShap,,3,5.9481636395155455,0.26803779288668556,"[0.0, 0.3333333333333333, 0.3333333333333333, 0.3333333333333333]"
ag_news_cls55_15_15_15_val1000_n2000_nv1000,FreeShap,,5,6.059897720374828,0.41788791447460966,"[0.0, 0.2, 0.6, 0.2]"
ag_news_cls55_15_15_15_val1000_n2000_nv1000,FreeShap,,10,6.000381002584262,0.33578682561285506,"[0.0, 0.3, 0.5, 0.2]"
ag_news_cls55_15_15_15_valbal1000_n5000_nv1000,A1,10.0,1,19.33697147582652,1.3862943610411562,"[0.0, 1.0, 0.0, 0.0]"
ag_news_cls55_15_15_15_valbal1000_n5000_nv1000,A1,10.0,2,12.775789787124356,0.6931471805074559,"[0.0, 0.5, 0.5, 0.0]"
ag_news_cls55_15_15_15_valbal1000_n5000_nv1000,A1,10.0,3,12.805235546038451,0.7497801927725883,"[0.0, 0.6666666666666666, 0.3333333333333333, 0.0]"
ag_news_cls55_15_15_15_valbal1000_n5000_nv1000,A1,10.0,5,12.78599528575442,0.7132826940581448,"[0.0, 0.6, 0.4, 0.0]"
ag_news_cls55_15_15_15_valbal1000_n5000_nv1000,A1,10.0,10,6.4994666692192835,0.44294596876460657,"[0.0, 0.5, 0.4, 0.1]"
ag_news_cls55_15_15_15_valbal1000_n5000_nv1000,LR,10.0,1,19.33697147582652,1.3862943610411562,"[0.0, 1.0, 0.0, 0.0]"
ag_news_cls55_15_15_15_valbal1000_n5000_nv1000,LR,10.0,2,19.33697147582652,1.3862943610411562,"[0.0, 1.0, 0.0, 0.0]"
ag_news_cls55_15_15_15_valbal1000_n5000_nv1000,LR,10.0,3,19.33697147582652,1.3862943610411562,"[0.0, 1.0, 0.0, 0.0]"
ag_news_cls55_15_15_15_valbal1000_n5000_nv1000,LR,10.0,5,12.78599528575442,0.7132826940581448,"[0.0, 0.6, 0.4, 0.0]"
ag_news_cls55_15_15_15_valbal1000_n5000_nv1000,LR,10.0,10,6.453886280020794,0.43602382186041133,"[0.0, 0.6, 0.2, 0.2]"
ag_news_cls55_15_15_15_valbal1000_n5000_nv1000,FreeShap,,1,19.33697147582652,1.3862943610411564,"[0.0, 0.0, 1.0, 0.0]"
ag_news_cls55_15_15_15_valbal1000_n5000_nv1000,FreeShap,,2,19.33697147582652,1.3862943610411564,"[0.0, 0.0, 1.0, 0.0]"
ag_news_cls55_15_15_15_valbal1000_n5000_nv1000,FreeShap,,3,12.805235546038451,0.7497801927725883,"[0.0, 0.3333333333333333, 0.6666666666666666, 0.0]"
ag_news_cls55_15_15_15_valbal1000_n5000_nv1000,FreeShap,,5,6.453886280020794,0.4360238218604113,"[0.0, 0.2, 0.6, 0.2]"
ag_news_cls55_15_15_15_valbal1000_n5000_nv1000,FreeShap,,10,6.352520002993753,0.29739438574842225,"[0.0, 0.3, 0.4, 0.3]"
ag_news_cls85_05_05_05_val1000_n2000_nv1000,A1,10.0,1,19.033759881112427,1.3432348715807554,"[0.0, 1.0, 0.0, 0.0]"
ag_news_cls85_05_05_05_val1000_n2000_nv1000,A1,10.0,2,19.033759881112427,1.3432348715807554,"[0.0, 1.0, 0.0, 0.0]"
ag_news_cls85_05_05_05_val1000_n2000_nv1000,A1,10.0,3,19.033759881112427,1.3432348715807554,"[0.0, 1.0, 0.0, 0.0]"
ag_news_cls85_05_05_05_val1000_n2000_nv1000,A1,10.0,5,19.033759881112427,1.3432348715807554,"[0.0, 1.0, 0.0, 0.0]"
ag_news_cls85_05_05_05_val1000_n2000_nv1000,A1,10.0,10,12.627836225873757,1.0208705122459836,"[0.0, 0.9, 0.1, 0.0]"
ag_news_cls85_05_05_05_val1000_n2000_nv1000,LR,10.0,1,19.033759881112427,1.3432348715807554,"[0.0, 1.0, 0.0, 0.0]"
ag_news_cls85_05_05_05_val1000_n2000_nv1000,LR,10.0,2,19.033759881112427,1.3432348715807554,"[0.0, 1.0, 0.0, 0.0]"
ag_news_cls85_05_05_05_val1000_n2000_nv1000,LR,10.0,3,19.033759881112427,1.3432348715807554,"[0.0, 1.0, 0.0, 0.0]"
ag_news_cls85_05_05_05_val1000_n2000_nv1000,LR,10.0,5,19.033759881112427,1.3432348715807554,"[0.0, 1.0, 0.0, 0.0]"
ag_news_cls85_05_05_05_val1000_n2000_nv1000,LR,10.0,10,19.033759881112427,1.3432348715807554,"[0.0, 1.0, 0.0, 0.0]"
ag_news_cls85_05_05_05_val1000_n2000_nv1000,FreeShap,,1,19.033759881112427,1.3432348715807554,"[0.0, 1.0, 0.0, 0.0]"
ag_news_cls85_05_05_05_val1000_n2000_nv1000,FreeShap,,2,12.37245131565495,0.6636807611991492,"[0.0, 0.5, 0.5, 0.0]"
ag_news_cls85_05_05_05_val1000_n2000_nv1000,FreeShap,,3,12.400354432204509,0.7157827500802554,"[0.0, 0.6666666666666666, 0.3333333333333333, 0.0]"
ag_news_cls85_05_05_05_val1000_n2000_nv1000,FreeShap,,5,12.482518214317848,0.8482696761296596,"[0.0, 0.8, 0.2, 0.0]"
ag_news_cls85_05_05_05_val1000_n2000_nv1000,FreeShap,,10,12.627836225873757,1.0208705122459836,"[0.0, 0.9, 0.1, 0.0]"
ag_news_cls85_05_05_05_valbal1000_n5000_nv1000,A1,10.0,1,19.33697147582652,1.3862943610411564,"[0.0, 0.0, 1.0, 0.0]"
ag_news_cls85_05_05_05_valbal1000_n5000_nv1000,A1,10.0,2,19.33697147582652,1.3862943610411564,"[0.0, 0.0, 1.0, 0.0]"
ag_news_cls85_05_05_05_valbal1000_n5000_nv1000,A1,10.0,3,12.805235546038451,0.7497801927725883,"[0.0, 0.3333333333333333, 0.6666666666666666, 0.0]"
ag_news_cls85_05_05_05_valbal1000_n5000_nv1000,A1,10.0,5,12.78599528575442,0.7132826940581447,"[0.0, 0.4, 0.6, 0.0]"
ag_news_cls85_05_05_05_valbal1000_n5000_nv1000,A1,10.0,10,12.78599528575442,0.7132826940581447,"[0.0, 0.4, 0.6, 0.0]"
ag_news_cls85_05_05_05_valbal1000_n5000_nv1000,LR,10.0,1,19.33697147582652,1.3862943610411562,"[0.0, 1.0, 0.0, 0.0]"
ag_news_cls85_05_05_05_valbal1000_n5000_nv1000,LR,10.0,2,12.775789787124356,0.6931471805074559,"[0.0, 0.5, 0.5, 0.0]"
ag_news_cls85_05_05_05_valbal1000_n5000_nv1000,LR,10.0,3,12.805235546038451,0.7497801927725883,"[0.0, 0.6666666666666666, 0.3333333333333333, 0.0]"
ag_news_cls85_05_05_05_valbal1000_n5000_nv1000,LR,10.0,5,12.78599528575442,0.7132826940581448,"[0.0, 0.6, 0.4, 0.0]"
ag_news_cls85_05_05_05_valbal1000_n5000_nv1000,LR,10.0,10,6.52580679813374,0.4883486362368663,"[0.0, 0.6, 0.3, 0.1]"
ag_news_cls85_05_05_05_valbal1000_n5000_nv1000,FreeShap,,1,19.33697147582652,1.3862943610411562,"[0.0, 1.0, 0.0, 0.0]"
ag_news_cls85_05_05_05_valbal1000_n5000_nv1000,FreeShap,,2,12.775789787124356,0.6931471805074558,"[0.0, 0.5, 0.0, 0.5]"
ag_news_cls85_05_05_05_valbal1000_n5000_nv1000,FreeShap,,3,6.345420134363329,0.2876820724255361,"[0.0, 0.3333333333333333, 0.3333333333333333, 0.3333333333333333]"
ag_news_cls85_05_05_05_valbal1000_n5000_nv1000,FreeShap,,5,6.381965761907849,0.3313741931075018,"[0.0, 0.4, 0.4, 0.2]"
ag_news_cls85_05_05_05_valbal1000_n5000_nv1000,FreeShap,,10,6.52580679813374,0.4883486362368663,"[0.0, 0.3, 0.6, 0.1]"
mnli_cls33_33_33_valbal1000_n5000_nv1000,A1,10.0,1,17.331279795323397,1.0996127889486274,"[1.0, 0.0, 0.0]"
mnli_cls33_33_33_valbal1000_n5000_nv1000,A1,10.0,2,8.564847912036745,0.4049663569170881,"[0.5, 0.0, 0.5]"
mnli_cls33_33_33_valbal1000_n5000_nv1000,A1,10.0,3,9.996671663154745e-07,9.99334831193379e-07,"[0.3333333333333333, 0.3333333333333333, 0.3333333333333333]"
mnli_cls33_33_33_valbal1000_n5000_nv1000,A1,10.0,5,0.04849745399967333,0.04349321981704643,"[0.2, 0.4, 0.4]"
mnli_cls33_33_33_valbal1000_n5000_nv1000,A1,10.0,10,0.20478551898718902,0.15476514517452564,"[0.1, 0.4, 0.5]"
mnli_cls33_33_33_valbal1000_n5000_nv1000,LR,10.0,1,17.331279795323397,1.0996127889486274,"[1.0, 0.0, 0.0]"
mnli_cls33_33_33_valbal1000_n5000_nv1000,LR,10.0,2,17.331279795323397,1.0996127889486274,"[1.0, 0.0, 0.0]"
mnli_cls33_33_33_valbal1000_n5000_nv1000,LR,10.0,3,17.331279795323397,1.0996127889486274,"[1.0, 0.0, 0.0]"
mnli_cls33_33_33_valbal1000_n5000_nv1000,LR,10.0,5,17.331279795323397,1.0996127889486274,"[1.0, 0.0, 0.0]"
mnli_cls33_33_33_valbal1000_n5000_nv1000,LR,10.0,10,0.5115197706137168,0.46028107905189064,"[0.8, 0.1, 0.1]"
mnli_cls33_33_33_valbal1000_n5000_nv1000,FreeShap,,1,17.30364877420747,1.0966142859523735,"[0.0, 0.0, 1.0]"
mnli_cls33_33_33_valbal1000_n5000_nv1000,FreeShap,,2,17.30364877420747,1.0966142859523735,"[0.0, 0.0, 1.0]"
mnli_cls33_33_33_valbal1000_n5000_nv1000,FreeShap,,3,8.603781980837871,0.4610996186828444,"[0.3333333333333333, 0.0, 0.6666666666666666]"
mnli_cls33_33_33_valbal1000_n5000_nv1000,FreeShap,,5,0.04849745399967333,0.04349321981704643,"[0.4, 0.2, 0.4]"
mnli_cls33_33_33_valbal1000_n5000_nv1000,FreeShap,,10,0.24038139632501127,0.20076751324603637,"[0.6, 0.1, 0.3]"
mnli_cls33_33_33_valimb1000_cls60_20_20_n5000_nv1000,A1,10.0,1,10.102137907138186,0.5108256237139475,"[1.0, 0.0, 0.0]"
mnli_cls33_33_33_valimb1000_cls60_20_20_n5000_nv1000,A1,10.0,2,10.102137907138186,0.5108256237139475,"[1.0, 0.0, 0.0]"
mnli_cls33_33_33_valimb1000_cls60_20_20_n5000_nv1000,A1,10.0,3,10.102137907138186,0.5108256237139475,"[1.0, 0.0, 0.0]"
mnli_cls33_33_33_valimb1000_cls60_20_20_n5000_nv1000,A1,10.0,5,10.102137907138186,0.5108256237139475,"[1.0, 0.0, 0.0]"
mnli_cls33_33_33_valimb1000_cls60_20_20_n5000_nv1000,A1,10.0,10,10.102137907138186,0.5108256237139475,"[1.0, 0.0, 0.0]"
mnli_cls33_33_33_valimb1000_cls60_20_20_n5000_nv1000,LR,10.0,1,10.102137907138186,0.5108256237139475,"[1.0, 0.0, 0.0]"
mnli_cls33_33_33_valimb1000_cls60_20_20_n5000_nv1000,LR,10.0,2,10.102137907138186,0.5108256237139475,"[1.0, 0.0, 0.0]"
mnli_cls33_33_33_valimb1000_cls60_20_20_n5000_nv1000,LR,10.0,3,10.102137907138186,0.5108256237139475,"[1.0, 0.0, 0.0]"
mnli_cls33_33_33_valimb1000_cls60_20_20_n5000_nv1000,LR,10.0,5,10.102137907138186,0.5108256237139475,"[1.0, 0.0, 0.0]"
mnli_cls33_33_33_valimb1000_cls60_20_20_n5000_nv1000,LR,10.0,10,10.102137907138186,0.5108256237139475,"[1.0, 0.0, 0.0]"
mnli_cls33_33_33_valimb1000_cls60_20_20_n5000_nv1000,FreeShap,,1,10.102137907138186,0.5108256237139475,"[1.0, 0.0, 0.0]"
mnli_cls33_33_33_valimb1000_cls60_20_20_n5000_nv1000,FreeShap,,2,10.102137907138186,0.5108256237139475,"[1.0, 0.0, 0.0]"
mnli_cls33_33_33_valimb1000_cls60_20_20_n5000_nv1000,FreeShap,,3,10.102137907138186,0.5108256237139475,"[1.0, 0.0, 0.0]"
mnli_cls33_33_33_valimb1000_cls60_20_20_n5000_nv1000,FreeShap,,5,10.102137907138186,0.5108256237139475,"[1.0, 0.0, 0.0]"
mnli_cls33_33_33_valimb1000_cls60_20_20_n5000_nv1000,FreeShap,,10,10.102137907138186,0.5108256237139475,"[1.0, 0.0, 0.0]"
mnli_cls33_33_33_valimb1000_cls90_05_05_n5000_nv1000,A1,10.0,1,2.368704420145412,0.10536051560855576,"[1.0, 0.0, 0.0]"
mnli_cls33_33_33_valimb1000_cls90_05_05_n5000_nv1000,A1,10.0,2,2.368704420145412,0.10536051560855576,"[1.0, 0.0, 0.0]"
mnli_cls33_33_33_valimb1000_cls90_05_05_n5000_nv1000,A1,10.0,3,2.368704420145412,0.10536051560855576,"[1.0, 0.0, 0.0]"
mnli_cls33_33_33_valimb1000_cls90_05_05_n5000_nv1000,A1,10.0,5,2.368704420145412,0.10536051560855576,"[1.0, 0.0, 0.0]"
mnli_cls33_33_33_valimb1000_cls90_05_05_n5000_nv1000,A1,10.0,10,1.2684544561534785,0.1830324436742361,"[0.8, 0.2, 0.0]"
mnli_cls33_33_33_valimb1000_cls90_05_05_n5000_nv1000,LR,10.0,1,2.368704420145412,0.10536051560855576,"[1.0, 0.0, 0.0]"
mnli_cls33_33_33_valimb1000_cls90_05_05_n5000_nv1000,LR,10.0,2,2.368704420145412,0.10536051560855576,"[1.0, 0.0, 0.0]"
mnli_cls33_33_33_valimb1000_cls90_05_05_n5000_nv1000,LR,10.0,3,2.368704420145412,0.10536051560855576,"[1.0, 0.0, 0.0]"
mnli_cls33_33_33_valimb1000_cls90_05_05_n5000_nv1000,LR,10.0,5,2.368704420145412,0.10536051560855576,"[1.0, 0.0, 0.0]"
mnli_cls33_33_33_valimb1000_cls90_05_05_n5000_nv1000,LR,10.0,10,2.368704420145412,0.10536051560855576,"[1.0, 0.0, 0.0]"
mnli_cls33_33_33_valimb1000_cls90_05_05_n5000_nv1000,FreeShap,,1,2.368704420145412,0.10536051560855576,"[1.0, 0.0, 0.0]"
mnli_cls33_33_33_valimb1000_cls90_05_05_n5000_nv1000,FreeShap,,2,2.368704420145412,0.10536051560855576,"[1.0, 0.0, 0.0]"
mnli_cls33_33_33_valimb1000_cls90_05_05_n5000_nv1000,FreeShap,,3,2.368704420145412,0.10536051560855576,"[1.0, 0.0, 0.0]"
mnli_cls33_33_33_valimb1000_cls90_05_05_n5000_nv1000,FreeShap,,5,2.368704420145412,0.10536051560855576,"[1.0, 0.0, 0.0]"
mnli_cls33_33_33_valimb1000_cls90_05_05_n5000_nv1000,FreeShap,,10,2.368704420145412,0.10536051560855576,"[1.0, 0.0, 0.0]"
mnli_cls60_20_20_val1000_n2000_nv1000,A1,10.0,1,17.638728190269756,1.1332037333846396,"[0.0, 0.0, 1.0]"
mnli_cls60_20_20_val1000_n2000_nv1000,A1,10.0,2,17.638728190269756,1.1332037333846396,"[0.0, 0.0, 1.0]"
mnli_cls60_20_20_val1000_n2000_nv1000,A1,10.0,3,17.638728190269756,1.1332037333846396,"[0.0, 0.0, 1.0]"
mnli_cls60_20_20_val1000_n2000_nv1000,A1,10.0,5,17.638728190269756,1.1332037333846396,"[0.0, 0.0, 1.0]"
mnli_cls60_20_20_val1000_n2000_nv1000,A1,10.0,10,9.92215285329362,0.813217404378841,"[0.0, 0.1, 0.9]"
mnli_cls60_20_20_val1000_n2000_nv1000,LR,10.0,1,17.638728190269756,1.1332037333846396,"[0.0, 0.0, 1.0]"
mnli_cls60_20_20_val1000_n2000_nv1000,LR,10.0,2,17.638728190269756,1.1332037333846396,"[0.0, 0.0, 1.0]"
mnli_cls60_20_20_val1000_n2000_nv1000,LR,10.0,3,17.638728190269756,1.1332037333846396,"[0.0, 0.0, 1.0]"
mnli_cls60_20_20_val1000_n2000_nv1000,LR,10.0,5,17.638728190269756,1.1332037333846396,"[0.0, 0.0, 1.0]"
mnli_cls60_20_20_val1000_n2000_nv1000,LR,10.0,10,17.638728190269756,1.1332037333846396,"[0.0, 0.0, 1.0]"
mnli_cls60_20_20_val1000_n2000_nv1000,FreeShap,,1,18.080824528124616,1.184170176976616,"[0.0, 1.0, 0.0]"
mnli_cls60_20_20_val1000_n2000_nv1000,FreeShap,,2,9.618932158187267,0.465539774647155,"[0.0, 0.5, 0.5]"
mnli_cls60_20_20_val1000_n2000_nv1000,FreeShap,,3,9.650370853938892,0.5136783796469494,"[0.0, 0.3333333333333333, 0.6666666666666666]"
mnli_cls60_20_20_val1000_n2000_nv1000,FreeShap,,5,9.747975953523632,0.6429945985913043,"[0.0, 0.2, 0.8]"
mnli_cls60_20_20_val1000_n2000_nv1000,FreeShap,,10,9.747975953523632,0.6429945985913043,"[0.0, 0.2, 0.8]"
mnli_cls60_20_20_valbal1000_n5000_nv1000,A1,10.0,1,17.30364877420747,1.0966142859523735,"[0.0, 0.0, 1.0]"
mnli_cls60_20_20_valbal1000_n5000_nv1000,A1,10.0,2,17.30364877420747,1.0966142859523735,"[0.0, 0.0, 1.0]"
mnli_cls60_20_20_valbal1000_n5000_nv1000,A1,10.0,3,17.30364877420747,1.0966142859523735,"[0.0, 0.0, 1.0]"
mnli_cls60_20_20_valbal1000_n5000_nv1000,A1,10.0,5,0.1438901190180083,0.1475431479707046,"[0.2, 0.2, 0.6]"
mnli_cls60_20_20_valbal1000_n5000_nv1000,A1,10.0,10,0.20500866253850325,0.15506499547415128,"[0.5, 0.1, 0.4]"
mnli_cls60_20_20_valbal1000_n5000_nv1000,LR,10.0,1,17.30364877420747,1.0966142859523735,"[0.0, 0.0, 1.0]"
mnli_cls60_20_20_valbal1000_n5000_nv1000,LR,10.0,2,17.30364877420747,1.0966142859523735,"[0.0, 0.0, 1.0]"
mnli_cls60_20_20_valbal1000_n5000_nv1000,LR,10.0,3,17.30364877420747,1.0966142859523735,"[0.0, 0.0, 1.0]"
mnli_cls60_20_20_valbal1000_n5000_nv1000,LR,10.0,5,17.30364877420747,1.0966142859523735,"[0.0, 0.0, 1.0]"
mnli_cls60_20_20_valbal1000_n5000_nv1000,LR,10.0,10,8.904469990799996,0.7718311628870825,"[0.1, 0.0, 0.9]"
mnli_cls60_20_20_valbal1000_n5000_nv1000,FreeShap,,1,17.30364877420747,1.0966142859523735,"[0.0, 0.0, 1.0]"
mnli_cls60_20_20_valbal1000_n5000_nv1000,FreeShap,,2,17.30364877420747,1.0966142859523735,"[0.0, 0.0, 1.0]"
mnli_cls60_20_20_valbal1000_n5000_nv1000,FreeShap,,3,17.30364877420747,1.0966142859523735,"[0.0, 0.0, 1.0]"
mnli_cls60_20_20_valbal1000_n5000_nv1000,FreeShap,,5,8.712991513582764,0.5968115630399686,"[0.0, 0.2, 0.8]"
mnli_cls60_20_20_valbal1000_n5000_nv1000,FreeShap,,10,8.712991513582764,0.5968115630399686,"[0.0, 0.2, 0.8]"
mnli_cls90_05_05_val1000_n2000_nv1000,A1,10.0,1,17.638728190269756,1.1332037333846396,"[0.0, 0.0, 1.0]"
mnli_cls90_05_05_val1000_n2000_nv1000,A1,10.0,2,17.638728190269756,1.1332037333846396,"[0.0, 0.0, 1.0]"
mnli_cls90_05_05_val1000_n2000_nv1000,A1,10.0,3,17.638728190269756,1.1332037333846396,"[0.0, 0.0, 1.0]"
mnli_cls90_05_05_val1000_n2000_nv1000,A1,10.0,5,17.638728190269756,1.1332037333846396,"[0.0, 0.0, 1.0]"
mnli_cls90_05_05_val1000_n2000_nv1000,A1,10.0,10,17.638728190269756,1.1332037333846396,"[0.0, 0.0, 1.0]"
mnli_cls90_05_05_val1000_n2000_nv1000,LR,10.0,1,17.638728190269756,1.1332037333846396,"[0.0, 0.0, 1.0]"
mnli_cls90_05_05_val1000_n2000_nv1000,LR,10.0,2,17.638728190269756,1.1332037333846396,"[0.0, 0.0, 1.0]"
mnli_cls90_05_05_val1000_n2000_nv1000,LR,10.0,3,17.638728190269756,1.1332037333846396,"[0.0, 0.0, 1.0]"
mnli_cls90_05_05_val1000_n2000_nv1000,LR,10.0,5,17.638728190269756,1.1332037333846396,"[0.0, 0.0, 1.0]"
mnli_cls90_05_05_val1000_n2000_nv1000,LR,10.0,10,17.638728190269756,1.1332037333846396,"[0.0, 0.0, 1.0]"
mnli_cls90_05_05_val1000_n2000_nv1000,FreeShap,,1,17.638728190269756,1.1332037333846396,"[0.0, 0.0, 1.0]"
mnli_cls90_05_05_val1000_n2000_nv1000,FreeShap,,2,17.638728190269756,1.1332037333846396,"[0.0, 0.0, 1.0]"
mnli_cls90_05_05_val1000_n2000_nv1000,FreeShap,,3,17.638728190269756,1.1332037333846396,"[0.0, 0.0, 1.0]"
mnli_cls90_05_05_val1000_n2000_nv1000,FreeShap,,5,17.638728190269756,1.1332037333846396,"[0.0, 0.0, 1.0]"
mnli_cls90_05_05_val1000_n2000_nv1000,FreeShap,,10,17.638728190269756,1.1332037333846396,"[0.0, 0.0, 1.0]"
mnli_cls90_05_05_valbal1000_n5000_nv1000,A1,10.0,1,17.30364877420747,1.0966142859523735,"[0.0, 0.0, 1.0]"
mnli_cls90_05_05_valbal1000_n5000_nv1000,A1,10.0,2,8.564847912036745,0.4049663569170881,"[0.0, 0.5, 0.5]"
mnli_cls90_05_05_valbal1000_n5000_nv1000,A1,10.0,3,8.603781980837871,0.4610996186828444,"[0.0, 0.3333333333333333, 0.6666666666666666]"
mnli_cls90_05_05_valbal1000_n5000_nv1000,A1,10.0,5,8.712991513582764,0.5968115630399686,"[0.0, 0.2, 0.8]"
mnli_cls90_05_05_valbal1000_n5000_nv1000,A1,10.0,10,8.712991513582764,0.5968115630399686,"[0.0, 0.2, 0.8]"
mnli_cls90_05_05_valbal1000_n5000_nv1000,LR,10.0,1,17.30364877420747,1.0966142859523735,"[0.0, 0.0, 1.0]"
mnli_cls90_05_05_valbal1000_n5000_nv1000,LR,10.0,2,17.30364877420747,1.0966142859523735,"[0.0, 0.0, 1.0]"
mnli_cls90_05_05_valbal1000_n5000_nv1000,LR,10.0,3,17.30364877420747,1.0966142859523735,"[0.0, 0.0, 1.0]"
mnli_cls90_05_05_valbal1000_n5000_nv1000,LR,10.0,5,17.30364877420747,1.0966142859523735,"[0.0, 0.0, 1.0]"
mnli_cls90_05_05_valbal1000_n5000_nv1000,LR,10.0,10,17.30364877420747,1.0966142859523735,"[0.0, 0.0, 1.0]"
mnli_cls90_05_05_valbal1000_n5000_nv1000,FreeShap,,1,17.30364877420747,1.0966142859523735,"[0.0, 0.0, 1.0]"
mnli_cls90_05_05_valbal1000_n5000_nv1000,FreeShap,,2,17.30364877420747,1.0966142859523735,"[0.0, 0.0, 1.0]"
mnli_cls90_05_05_valbal1000_n5000_nv1000,FreeShap,,3,17.30364877420747,1.0966142859523735,"[0.0, 0.0, 1.0]"
mnli_cls90_05_05_valbal1000_n5000_nv1000,FreeShap,,5,17.30364877420747,1.0966142859523735,"[0.0, 0.0, 1.0]"
mnli_cls90_05_05_valbal1000_n5000_nv1000,FreeShap,,10,17.30364877420747,1.0966142859523735,"[0.0, 0.0, 1.0]"
mr_pos50_valbal1000_n4500_nv1000,A1,10.0,1,13.12236337740433,0.6931471805330074,"[1.0, 0.0]"
mr_pos50_valbal1000_n4500_nv1000,A1,10.0,2,13.12236337740433,0.6931471805330074,"[1.0, 0.0]"
mr_pos50_valbal1000_n4500_nv1000,A1,10.0,3,0.05889151782819174,0.056633012265132426,"[0.6666666666666666, 0.3333333333333333]"
mr_pos50_valbal1000_n4500_nv1000,A1,10.0,5,0.020410997260127572,0.020135513550688863,"[0.4, 0.6]"
mr_pos50_valbal1000_n4500_nv1000,A1,10.0,10,0.020410997260127572,0.020135513550688863,"[0.4, 0.6]"
mr_pos50_valbal1000_n4500_nv1000,LR,10.0,1,13.12236337740433,0.6931471805330074,"[1.0, 0.0]"
mr_pos50_valbal1000_n4500_nv1000,LR,10.0,2,0.0,0.0,"[0.5, 0.5]"
mr_pos50_valbal1000_n4500_nv1000,LR,10.0,3,0.05889151782819174,0.056633012265132426,"[0.3333333333333333, 0.6666666666666666]"
mr_pos50_valbal1000_n4500_nv1000,LR,10.0,5,0.020410997260127572,0.020135513550688863,"[0.4, 0.6]"
mr_pos50_valbal1000_n4500_nv1000,LR,10.0,10,0.2231435513142097,0.19274475702175747,"[0.2, 0.8]"
mr_pos50_valbal1000_n4500_nv1000,FreeShap,,1,13.12236337740433,0.6931471805330074,"[1.0, 0.0]"
mr_pos50_valbal1000_n4500_nv1000,FreeShap,,2,0.0,0.0,"[0.5, 0.5]"
mr_pos50_valbal1000_n4500_nv1000,FreeShap,,3,0.05889151782819174,0.056633012265132426,"[0.6666666666666666, 0.3333333333333333]"
mr_pos50_valbal1000_n4500_nv1000,FreeShap,,5,0.020410997260127572,0.020135513550688863,"[0.6, 0.4]"
mr_pos50_valbal1000_n4500_nv1000,FreeShap,,10,0.0,0.0,"[0.5, 0.5]"
mr_pos50_valimb500_pos70_n4500_nv500,A1,10.0,1,7.67844203272367,0.35667494391230536,"[0.0, 1.0]"
mr_pos50_valimb500_pos70_n4500_nv500,A1,10.0,2,7.67844203272367,0.35667494391230536,"[0.0, 1.0]"
mr_pos50_valimb500_pos70_n4500_nv500,A1,10.0,3,7.67844203272367,0.35667494391230536,"[0.0, 1.0]"
mr_pos50_valimb500_pos70_n4500_nv500,A1,10.0,5,7.67844203272367,0.35667494391230536,"[0.0, 1.0]"
mr_pos50_valimb500_pos70_n4500_nv500,A1,10.0,10,7.67844203272367,0.35667494391230536,"[0.0, 1.0]"
mr_pos50_valimb500_pos70_n4500_nv500,LR,10.0,1,7.67844203272367,0.35667494391230536,"[0.0, 1.0]"
mr_pos50_valimb500_pos70_n4500_nv500,LR,10.0,2,7.67844203272367,0.35667494391230536,"[0.0, 1.0]"
mr_pos50_valimb500_pos70_n4500_nv500,LR,10.0,3,7.67844203272367,0.35667494391230536,"[0.0, 1.0]"
mr_pos50_valimb500_pos70_n4500_nv500,LR,10.0,5,7.67844203272367,0.35667494391230536,"[0.0, 1.0]"
mr_pos50_valimb500_pos70_n4500_nv500,LR,10.0,10,7.67844203272367,0.35667494391230536,"[0.0, 1.0]"
mr_pos50_valimb500_pos70_n4500_nv500,FreeShap,,1,7.67844203272367,0.35667494391230536,"[0.0, 1.0]"
mr_pos50_valimb500_pos70_n4500_nv500,FreeShap,,2,7.67844203272367,0.35667494391230536,"[0.0, 1.0]"
mr_pos50_valimb500_pos70_n4500_nv500,FreeShap,,3,7.67844203272367,0.35667494391230536,"[0.0, 1.0]"
mr_pos50_valimb500_pos70_n4500_nv500,FreeShap,,5,7.67844203272367,0.35667494391230536,"[0.0, 1.0]"
mr_pos50_valimb500_pos70_n4500_nv500,FreeShap,,10,7.67844203272367,0.35667494391230536,"[0.0, 1.0]"
mr_pos50_valimb500_pos90_n4500_nv500,A1,10.0,1,2.438019138201407,0.10536051563249792,"[0.0, 1.0]"
mr_pos50_valimb500_pos90_n4500_nv500,A1,10.0,2,2.438019138201407,0.10536051563249792,"[0.0, 1.0]"
mr_pos50_valimb500_pos90_n4500_nv500,A1,10.0,3,2.438019138201407,0.10536051563249792,"[0.0, 1.0]"
mr_pos50_valimb500_pos90_n4500_nv500,A1,10.0,5,2.438019138201407,0.10536051563249792,"[0.0, 1.0]"
mr_pos50_valimb500_pos90_n4500_nv500,A1,10.0,10,2.438019138201407,0.10536051563249792,"[0.0, 1.0]"
mr_pos50_valimb500_pos90_n4500_nv500,LR,10.0,1,2.438019138201407,0.10536051563249792,"[0.0, 1.0]"
mr_pos50_valimb500_pos90_n4500_nv500,LR,10.0,2,2.438019138201407,0.10536051563249792,"[0.0, 1.0]"
mr_pos50_valimb500_pos90_n4500_nv500,LR,10.0,3,2.438019138201407,0.10536051563249792,"[0.0, 1.0]"
mr_pos50_valimb500_pos90_n4500_nv500,LR,10.0,5,2.438019138201407,0.10536051563249792,"[0.0, 1.0]"
mr_pos50_valimb500_pos90_n4500_nv500,LR,10.0,10,2.438019138201407,0.10536051563249792,"[0.0, 1.0]"
mr_pos50_valimb500_pos90_n4500_nv500,FreeShap,,1,2.438019138201407,0.10536051563249792,"[0.0, 1.0]"
mr_pos50_valimb500_pos90_n4500_nv500,FreeShap,,2,2.438019138201407,0.10536051563249792,"[0.0, 1.0]"
mr_pos50_valimb500_pos90_n4500_nv500,FreeShap,,3,2.438019138201407,0.10536051563249792,"[0.0, 1.0]"
mr_pos50_valimb500_pos90_n4500_nv500,FreeShap,,5,2.438019138201407,0.10536051563249792,"[0.0, 1.0]"
mr_pos50_valimb500_pos90_n4500_nv500,FreeShap,,10,2.438019138201407,0.10536051563249792,"[0.0, 1.0]"
mr_pos70_val1066_n2000_nv1066,A1,10.0,1,13.12236337740433,0.6931471805330074,"[1.0, 0.0]"
mr_pos70_val1066_n2000_nv1066,A1,10.0,2,0.0,0.0,"[0.5, 0.5]"
mr_pos70_val1066_n2000_nv1066,A1,10.0,3,0.05889151782819174,0.056633012265132426,"[0.3333333333333333, 0.6666666666666666]"
mr_pos70_val1066_n2000_nv1066,A1,10.0,5,0.2231435513142097,0.19274475702175747,"[0.2, 0.8]"
mr_pos70_val1066_n2000_nv1066,A1,10.0,10,0.020410997260127572,0.020135513550688863,"[0.4, 0.6]"
mr_pos70_val1066_n2000_nv1066,LR,10.0,1,13.12236337740433,0.6931471805330074,"[1.0, 0.0]"
mr_pos70_val1066_n2000_nv1066,LR,10.0,2,13.12236337740433,0.6931471805330074,"[1.0, 0.0]"
mr_pos70_val1066_n2000_nv1066,LR,10.0,3,13.12236337740433,0.6931471805330074,"[1.0, 0.0]"
mr_pos70_val1066_n2000_nv1066,LR,10.0,5,13.12236337740433,0.6931471805330074,"[1.0, 0.0]"
mr_pos70_val1066_n2000_nv1066,LR,10.0,10,13.12236337740433,0.6931471805330074,"[1.0, 0.0]"
mr_pos70_val1066_n2000_nv1066,FreeShap,,1,13.12236337740433,0.6931471805330074,"[1.0, 0.0]"
mr_pos70_val1066_n2000_nv1066,FreeShap,,2,13.12236337740433,0.6931471805330074,"[1.0, 0.0]"
mr_pos70_val1066_n2000_nv1066,FreeShap,,3,13.12236337740433,0.6931471805330074,"[1.0, 0.0]"
mr_pos70_val1066_n2000_nv1066,FreeShap,,5,13.12236337740433,0.6931471805330074,"[1.0, 0.0]"
mr_pos70_val1066_n2000_nv1066,FreeShap,,10,13.12236337740433,0.6931471805330074,"[1.0, 0.0]"
mr_pos70_valbal1000_n4500_nv1000,A1,10.0,1,13.12236337740433,0.6931471805330074,"[1.0, 0.0]"
mr_pos70_valbal1000_n4500_nv1000,A1,10.0,2,13.12236337740433,0.6931471805330074,"[1.0, 0.0]"
mr_pos70_valbal1000_n4500_nv1000,A1,10.0,3,13.12236337740433,0.6931471805330074,"[1.0, 0.0]"
mr_pos70_valbal1000_n4500_nv1000,A1,10.0,5,13.12236337740433,0.6931471805330074,"[1.0, 0.0]"
mr_pos70_valbal1000_n4500_nv1000,A1,10.0,10,13.12236337740433,0.6931471805330074,"[1.0, 0.0]"
mr_pos70_valbal1000_n4500_nv1000,LR,10.0,1,13.12236337740433,0.6931471805330074,"[1.0, 0.0]"
mr_pos70_valbal1000_n4500_nv1000,LR,10.0,2,13.12236337740433,0.6931471805330074,"[1.0, 0.0]"
mr_pos70_valbal1000_n4500_nv1000,LR,10.0,3,13.12236337740433,0.6931471805330074,"[1.0, 0.0]"
mr_pos70_valbal1000_n4500_nv1000,LR,10.0,5,13.12236337740433,0.6931471805330074,"[1.0, 0.0]"
mr_pos70_valbal1000_n4500_nv1000,LR,10.0,10,13.12236337740433,0.6931471805330074,"[1.0, 0.0]"
mr_pos70_valbal1000_n4500_nv1000,FreeShap,,1,13.12236337740433,0.6931471805330074,"[1.0, 0.0]"
mr_pos70_valbal1000_n4500_nv1000,FreeShap,,2,13.12236337740433,0.6931471805330074,"[1.0, 0.0]"
mr_pos70_valbal1000_n4500_nv1000,FreeShap,,3,13.12236337740433,0.6931471805330074,"[1.0, 0.0]"
mr_pos70_valbal1000_n4500_nv1000,FreeShap,,5,13.12236337740433,0.6931471805330074,"[1.0, 0.0]"
mr_pos70_valbal1000_n4500_nv1000,FreeShap,,10,13.12236337740433,0.6931471805330074,"[1.0, 0.0]"
mr_pos90_val1066_n2000_nv1066,A1,10.0,1,13.12236337740433,0.6931471805330074,"[0.0, 1.0]"
mr_pos90_val1066_n2000_nv1066,A1,10.0,2,13.12236337740433,0.6931471805330074,"[0.0, 1.0]"
mr_pos90_val1066_n2000_nv1066,A1,10.0,3,13.12236337740433,0.6931471805330074,"[0.0, 1.0]"
mr_pos90_val1066_n2000_nv1066,A1,10.0,5,13.12236337740433,0.6931471805330074,"[0.0, 1.0]"
mr_pos90_val1066_n2000_nv1066,A1,10.0,10,13.12236337740433,0.6931471805330074,"[0.0, 1.0]"
mr_pos90_val1066_n2000_nv1066,LR,10.0,1,13.12236337740433,0.6931471805330074,"[1.0, 0.0]"
mr_pos90_val1066_n2000_nv1066,LR,10.0,2,13.12236337740433,0.6931471805330074,"[1.0, 0.0]"
mr_pos90_val1066_n2000_nv1066,LR,10.0,3,13.12236337740433,0.6931471805330074,"[1.0, 0.0]"
mr_pos90_val1066_n2000_nv1066,LR,10.0,5,13.12236337740433,0.6931471805330074,"[1.0, 0.0]"
mr_pos90_val1066_n2000_nv1066,LR,10.0,10,13.12236337740433,0.6931471805330074,"[1.0, 0.0]"
mr_pos90_val1066_n2000_nv1066,FreeShap,,1,13.12236337740433,0.6931471805330074,"[1.0, 0.0]"
mr_pos90_val1066_n2000_nv1066,FreeShap,,2,13.12236337740433,0.6931471805330074,"[1.0, 0.0]"
mr_pos90_val1066_n2000_nv1066,FreeShap,,3,13.12236337740433,0.6931471805330074,"[1.0, 0.0]"
mr_pos90_val1066_n2000_nv1066,FreeShap,,5,13.12236337740433,0.6931471805330074,"[1.0, 0.0]"
mr_pos90_val1066_n2000_nv1066,FreeShap,,10,13.12236337740433,0.6931471805330074,"[1.0, 0.0]"
mr_pos90_valbal1000_n4500_nv1000,A1,10.0,1,13.12236337740433,0.6931471805330074,"[0.0, 1.0]"
mr_pos90_valbal1000_n4500_nv1000,A1,10.0,2,0.0,0.0,"[0.5, 0.5]"
mr_pos90_valbal1000_n4500_nv1000,A1,10.0,3,0.05889151782819174,0.056633012265132426,"[0.3333333333333333, 0.6666666666666666]"
mr_pos90_valbal1000_n4500_nv1000,A1,10.0,5,0.020410997260127572,0.020135513550688863,"[0.6, 0.4]"
mr_pos90_valbal1000_n4500_nv1000,A1,10.0,10,0.020410997260127572,0.020135513550688863,"[0.6, 0.4]"
mr_pos90_valbal1000_n4500_nv1000,LR,10.0,1,13.12236337740433,0.6931471805330074,"[1.0, 0.0]"
mr_pos90_valbal1000_n4500_nv1000,LR,10.0,2,13.12236337740433,0.6931471805330074,"[1.0, 0.0]"
mr_pos90_valbal1000_n4500_nv1000,LR,10.0,3,13.12236337740433,0.6931471805330074,"[1.0, 0.0]"
mr_pos90_valbal1000_n4500_nv1000,LR,10.0,5,13.12236337740433,0.6931471805330074,"[1.0, 0.0]"
mr_pos90_valbal1000_n4500_nv1000,LR,10.0,10,13.12236337740433,0.6931471805330074,"[1.0, 0.0]"
mr_pos90_valbal1000_n4500_nv1000,FreeShap,,1,13.12236337740433,0.6931471805330074,"[1.0, 0.0]"
mr_pos90_valbal1000_n4500_nv1000,FreeShap,,2,13.12236337740433,0.6931471805330074,"[1.0, 0.0]"
mr_pos90_valbal1000_n4500_nv1000,FreeShap,,3,13.12236337740433,0.6931471805330074,"[1.0, 0.0]"
mr_pos90_valbal1000_n4500_nv1000,FreeShap,,5,13.12236337740433,0.6931471805330074,"[1.0, 0.0]"
mr_pos90_valbal1000_n4500_nv1000,FreeShap,,10,13.12236337740433,0.6931471805330074,"[1.0, 0.0]"
mrpc_pos50_val408_n2000_nv408,A1,10.0,1,8.112325010021326,0.38005539255631654,"[0.0, 1.0]"
mrpc_pos50_val408_n2000_nv408,A1,10.0,2,8.112325010021326,0.38005539255631654,"[0.0, 1.0]"
mrpc_pos50_val408_n2000_nv408,A1,10.0,3,8.112325010021326,0.38005539255631654,"[0.0, 1.0]"
mrpc_pos50_val408_n2000_nv408,A1,10.0,5,0.037503484447505356,0.03393284453654695,"[0.2, 0.8]"
mrpc_pos50_val408_n2000_nv408,A1,10.0,10,0.17611750244775523,0.13211235693731718,"[0.1, 0.9]"
mrpc_pos50_val408_n2000_nv408,LR,10.0,1,8.112325010021326,0.38005539255631654,"[0.0, 1.0]"
mrpc_pos50_val408_n2000_nv408,LR,10.0,2,8.112325010021326,0.38005539255631654,"[0.0, 1.0]"
mrpc_pos50_val408_n2000_nv408,LR,10.0,3,8.112325010021326,0.38005539255631654,"[0.0, 1.0]"
mrpc_pos50_val408_n2000_nv408,LR,10.0,5,8.112325010021326,0.38005539255631654,"[0.0, 1.0]"
mrpc_pos50_val408_n2000_nv408,LR,10.0,10,8.112325010021326,0.38005539255631654,"[0.0, 1.0]"
mrpc_pos50_val408_n2000_nv408,FreeShap,,1,8.112325010021326,0.38005539255631654,"[0.0, 1.0]"
mrpc_pos50_val408_n2000_nv408,FreeShap,,2,8.112325010021326,0.38005539255631654,"[0.0, 1.0]"
mrpc_pos50_val408_n2000_nv408,FreeShap,,3,8.112325010021326,0.38005539255631654,"[0.0, 1.0]"
mrpc_pos50_val408_n2000_nv408,FreeShap,,5,8.112325010021326,0.38005539255631654,"[0.0, 1.0]"
mrpc_pos50_val408_n2000_nv408,FreeShap,,10,8.112325010021326,0.38005539255631654,"[0.0, 1.0]"
mrpc_pos50_valbal258_n2300_nv258,A1,10.0,1,13.12236337740433,0.6931471805330074,"[1.0, 0.0]"
mrpc_pos50_valbal258_n2300_nv258,A1,10.0,2,0.0,0.0,"[0.5, 0.5]"
mrpc_pos50_valbal258_n2300_nv258,A1,10.0,3,0.05889151782819174,0.056633012265132426,"[0.3333333333333333, 0.6666666666666666]"
mrpc_pos50_valbal258_n2300_nv258,A1,10.0,5,0.020410997260127572,0.020135513550688863,"[0.4, 0.6]"
mrpc_pos50_valbal258_n2300_nv258,A1,10.0,10,0.020410997260127572,0.020135513550688863,"[0.6, 0.4]"
mrpc_pos50_valbal258_n2300_nv258,LR,10.0,1,13.12236337740433,0.6931471805330074,"[1.0, 0.0]"
mrpc_pos50_valbal258_n2300_nv258,LR,10.0,2,0.0,0.0,"[0.5, 0.5]"
mrpc_pos50_valbal258_n2300_nv258,LR,10.0,3,0.05889151782819174,0.056633012265132426,"[0.3333333333333333, 0.6666666666666666]"
mrpc_pos50_valbal258_n2300_nv258,LR,10.0,5,0.020410997260127572,0.020135513550688863,"[0.4, 0.6]"
mrpc_pos50_valbal258_n2300_nv258,LR,10.0,10,0.020410997260127572,0.020135513550688863,"[0.4, 0.6]"
mrpc_pos50_valbal258_n2300_nv258,FreeShap,,1,13.12236337740433,0.6931471805330074,"[1.0, 0.0]"
mrpc_pos50_valbal258_n2300_nv258,FreeShap,,2,0.0,0.0,"[0.5, 0.5]"
mrpc_pos50_valbal258_n2300_nv258,FreeShap,,3,0.05889151782819174,0.056633012265132426,"[0.3333333333333333, 0.6666666666666666]"
mrpc_pos50_valbal258_n2300_nv258,FreeShap,,5,0.2231435513142097,0.19274475702175747,"[0.2, 0.8]"
mrpc_pos50_valbal258_n2300_nv258,FreeShap,,10,0.0,0.0,"[0.5, 0.5]"
mrpc_pos50_valimb300_pos70_n2300_nv300,A1,10.0,1,18.73085047909509,1.2039728042986615,"[1.0, 0.0]"
mrpc_pos50_valimb300_pos70_n2300_nv300,A1,10.0,2,0.08228287850505175,0.08717669357238891,"[0.5, 0.5]"
mrpc_pos50_valimb300_pos70_n2300_nv300,A1,10.0,3,0.0025449602212545483,0.002593395772987492,"[0.3333333333333333, 0.6666666666666666]"
mrpc_pos50_valimb300_pos70_n2300_nv300,A1,10.0,5,0.02160085414354654,0.02258242108435747,"[0.4, 0.6]"
mrpc_pos50_valimb300_pos70_n2300_nv300,A1,10.0,10,0.02160085414354654,0.02258242108435747,"[0.4, 0.6]"
mrpc_pos50_valimb300_pos70_n2300_nv300,LR,10.0,1,7.67844203272367,0.35667494391230536,"[0.0, 1.0]"
mrpc_pos50_valimb300_pos70_n2300_nv300,LR,10.0,2,7.67844203272367,0.35667494391230536,"[0.0, 1.0]"
mrpc_pos50_valimb300_pos70_n2300_nv300,LR,10.0,3,7.67844203272367,0.35667494391230536,"[0.0, 1.0]"
mrpc_pos50_valimb300_pos70_n2300_nv300,LR,10.0,5,7.67844203272367,0.35667494391230536,"[0.0, 1.0]"
mrpc_pos50_valimb300_pos70_n2300_nv300,LR,10.0,10,7.67844203272367,0.35667494391230536,"[0.0, 1.0]"
mrpc_pos50_valimb300_pos70_n2300_nv300,FreeShap,,1,7.67844203272367,0.35667494391230536,"[0.0, 1.0]"
mrpc_pos50_valimb300_pos70_n2300_nv300,FreeShap,,2,7.67844203272367,0.35667494391230536,"[0.0, 1.0]"
mrpc_pos50_valimb300_pos70_n2300_nv300,FreeShap,,3,7.67844203272367,0.35667494391230536,"[0.0, 1.0]"
mrpc_pos50_valimb300_pos70_n2300_nv300,FreeShap,,5,7.67844203272367,0.35667494391230536,"[0.0, 1.0]"
mrpc_pos50_valimb300_pos70_n2300_nv300,FreeShap,,10,7.67844203272367,0.35667494391230536,"[0.0, 1.0]"
mrpc_pos50_valimb300_pos90_n2300_nv300,A1,10.0,1,2.438019138201407,0.10536051563249792,"[0.0, 1.0]"
mrpc_pos50_valimb300_pos90_n2300_nv300,A1,10.0,2,2.438019138201407,0.10536051563249792,"[0.0, 1.0]"
mrpc_pos50_valimb300_pos90_n2300_nv300,A1,10.0,3,2.438019138201407,0.10536051563249792,"[0.0, 1.0]"
mrpc_pos50_valimb300_pos90_n2300_nv300,A1,10.0,5,0.22628916118535888,0.31123867958305756,"[0.4, 0.6]"
mrpc_pos50_valimb300_pos90_n2300_nv300,A1,10.0,10,0.3680642071684971,0.5108256237659907,"[0.5, 0.5]"
mrpc_pos50_valimb300_pos90_n2300_nv300,LR,10.0,1,2.438019138201407,0.10536051563249792,"[0.0, 1.0]"
mrpc_pos50_valimb300_pos90_n2300_nv300,LR,10.0,2,2.438019138201407,0.10536051563249792,"[0.0, 1.0]"
mrpc_pos50_valimb300_pos90_n2300_nv300,LR,10.0,3,2.438019138201407,0.10536051563249792,"[0.0, 1.0]"
mrpc_pos50_valimb300_pos90_n2300_nv300,LR,10.0,5,2.438019138201407,0.10536051563249792,"[0.0, 1.0]"
mrpc_pos50_valimb300_pos90_n2300_nv300,LR,10.0,10,2.438019138201407,0.10536051563249792,"[0.0, 1.0]"
mrpc_pos50_valimb300_pos90_n2300_nv300,FreeShap,,1,2.438019138201407,0.10536051563249792,"[0.0, 1.0]"
mrpc_pos50_valimb300_pos90_n2300_nv300,FreeShap,,2,2.438019138201407,0.10536051563249792,"[0.0, 1.0]"
mrpc_pos50_valimb300_pos90_n2300_nv300,FreeShap,,3,2.438019138201407,0.10536051563249792,"[0.0, 1.0]"
mrpc_pos50_valimb300_pos90_n2300_nv300,FreeShap,,5,2.438019138201407,0.10536051563249792,"[0.0, 1.0]"
mrpc_pos50_valimb300_pos90_n2300_nv300,FreeShap,,10,2.438019138201407,0.10536051563249792,"[0.0, 1.0]"
mrpc_pos70_val408_n2000_nv408,A1,10.0,1,8.112325010021326,0.38005539255631654,"[0.0, 1.0]"
mrpc_pos70_val408_n2000_nv408,A1,10.0,2,8.112325010021326,0.38005539255631654,"[0.0, 1.0]"
mrpc_pos70_val408_n2000_nv408,A1,10.0,3,8.112325010021326,0.38005539255631654,"[0.0, 1.0]"
mrpc_pos70_val408_n2000_nv408,A1,10.0,5,8.112325010021326,0.38005539255631654,"[0.0, 1.0]"
mrpc_pos70_val408_n2000_nv408,A1,10.0,10,8.112325010021326,0.38005539255631654,"[0.0, 1.0]"
mrpc_pos70_val408_n2000_nv408,LR,10.0,1,8.112325010021326,0.38005539255631654,"[0.0, 1.0]"
mrpc_pos70_val408_n2000_nv408,LR,10.0,2,8.112325010021326,0.38005539255631654,"[0.0, 1.0]"
mrpc_pos70_val408_n2000_nv408,LR,10.0,3,8.112325010021326,0.38005539255631654,"[0.0, 1.0]"
mrpc_pos70_val408_n2000_nv408,LR,10.0,5,8.112325010021326,0.38005539255631654,"[0.0, 1.0]"
mrpc_pos70_val408_n2000_nv408,LR,10.0,10,8.112325010021326,0.38005539255631654,"[0.0, 1.0]"
mrpc_pos70_val408_n2000_nv408,FreeShap,,1,8.112325010021326,0.38005539255631654,"[0.0, 1.0]"
mrpc_pos70_val408_n2000_nv408,FreeShap,,2,8.112325010021326,0.38005539255631654,"[0.0, 1.0]"
mrpc_pos70_val408_n2000_nv408,FreeShap,,3,8.112325010021326,0.38005539255631654,"[0.0, 1.0]"
mrpc_pos70_val408_n2000_nv408,FreeShap,,5,8.112325010021326,0.38005539255631654,"[0.0, 1.0]"
mrpc_pos70_val408_n2000_nv408,FreeShap,,10,8.112325010021326,0.38005539255631654,"[0.0, 1.0]"
mrpc_pos70_valbal258_n2300_nv258,A1,10.0,1,13.12236337740433,0.6931471805330074,"[0.0, 1.0]"
mrpc_pos70_valbal258_n2300_nv258,A1,10.0,2,13.12236337740433,0.6931471805330074,"[0.0, 1.0]"
mrpc_pos70_valbal258_n2300_nv258,A1,10.0,3,13.12236337740433,0.6931471805330074,"[0.0, 1.0]"
mrpc_pos70_valbal258_n2300_nv258,A1,10.0,5,13.12236337740433,0.6931471805330074,"[0.0, 1.0]"
mrpc_pos70_valbal258_n2300_nv258,A1,10.0,10,13.12236337740433,0.6931471805330074,"[0.0, 1.0]"
mrpc_pos70_valbal258_n2300_nv258,LR,10.0,1,13.12236337740433,0.6931471805330074,"[1.0, 0.0]"
mrpc_pos70_valbal258_n2300_nv258,LR,10.0,2,13.12236337740433,0.6931471805330074,"[1.0, 0.0]"
mrpc_pos70_valbal258_n2300_nv258,LR,10.0,3,13.12236337740433,0.6931471805330074,"[1.0, 0.0]"
mrpc_pos70_valbal258_n2300_nv258,LR,10.0,5,13.12236337740433,0.6931471805330074,"[1.0, 0.0]"
mrpc_pos70_valbal258_n2300_nv258,LR,10.0,10,13.12236337740433,0.6931471805330074,"[1.0, 0.0]"
mrpc_pos70_valbal258_n2300_nv258,FreeShap,,1,13.12236337740433,0.6931471805330074,"[1.0, 0.0]"
mrpc_pos70_valbal258_n2300_nv258,FreeShap,,2,13.12236337740433,0.6931471805330074,"[1.0, 0.0]"
mrpc_pos70_valbal258_n2300_nv258,FreeShap,,3,13.12236337740433,0.6931471805330074,"[1.0, 0.0]"
mrpc_pos70_valbal258_n2300_nv258,FreeShap,,5,13.12236337740433,0.6931471805330074,"[1.0, 0.0]"
mrpc_pos70_valbal258_n2300_nv258,FreeShap,,10,13.12236337740433,0.6931471805330074,"[1.0, 0.0]"
mrpc_pos90_val408_n2000_nv408,A1,10.0,1,8.112325010021326,0.38005539255631654,"[0.0, 1.0]"
mrpc_pos90_val408_n2000_nv408,A1,10.0,2,8.112325010021326,0.38005539255631654,"[0.0, 1.0]"
mrpc_pos90_val408_n2000_nv408,A1,10.0,3,8.112325010021326,0.38005539255631654,"[0.0, 1.0]"
mrpc_pos90_val408_n2000_nv408,A1,10.0,5,8.112325010021326,0.38005539255631654,"[0.0, 1.0]"
mrpc_pos90_val408_n2000_nv408,A1,10.0,10,8.112325010021326,0.38005539255631654,"[0.0, 1.0]"
mrpc_pos90_val408_n2000_nv408,LR,10.0,1,8.112325010021326,0.38005539255631654,"[0.0, 1.0]"
mrpc_pos90_val408_n2000_nv408,LR,10.0,2,8.112325010021326,0.38005539255631654,"[0.0, 1.0]"
mrpc_pos90_val408_n2000_nv408,LR,10.0,3,8.112325010021326,0.38005539255631654,"[0.0, 1.0]"
mrpc_pos90_val408_n2000_nv408,LR,10.0,5,0.037503484447505356,0.03393284453654695,"[0.2, 0.8]"
mrpc_pos90_val408_n2000_nv408,LR,10.0,10,0.037503484447505356,0.03393284453654695,"[0.2, 0.8]"
mrpc_pos90_val408_n2000_nv408,FreeShap,,1,18.270788655583292,1.1514547700152387,"[1.0, 0.0]"
mrpc_pos90_val408_n2000_nv408,FreeShap,,2,18.270788655583292,1.1514547700152387,"[1.0, 0.0]"
mrpc_pos90_val408_n2000_nv408,FreeShap,,3,0.2555017343585161,0.25780747592777875,"[0.6666666666666666, 0.3333333333333333]"
mrpc_pos90_val408_n2000_nv408,FreeShap,,5,0.015070425432343576,0.015603476557417034,"[0.4, 0.6]"
mrpc_pos90_val408_n2000_nv408,FreeShap,,10,0.0006168658109579513,0.0006109037658106886,"[0.3, 0.7]"
mrpc_pos90_valbal258_n2300_nv258,A1,10.0,1,13.12236337740433,0.6931471805330074,"[0.0, 1.0]"
mrpc_pos90_valbal258_n2300_nv258,A1,10.0,2,13.12236337740433,0.6931471805330074,"[0.0, 1.0]"
mrpc_pos90_valbal258_n2300_nv258,A1,10.0,3,13.12236337740433,0.6931471805330074,"[0.0, 1.0]"
mrpc_pos90_valbal258_n2300_nv258,A1,10.0,5,13.12236337740433,0.6931471805330074,"[0.0, 1.0]"
mrpc_pos90_valbal258_n2300_nv258,A1,10.0,10,13.12236337740433,0.6931471805330074,"[0.0, 1.0]"
mrpc_pos90_valbal258_n2300_nv258,LR,10.0,1,13.12236337740433,0.6931471805330074,"[1.0, 0.0]"
mrpc_pos90_valbal258_n2300_nv258,LR,10.0,2,13.12236337740433,0.6931471805330074,"[1.0, 0.0]"
mrpc_pos90_valbal258_n2300_nv258,LR,10.0,3,13.12236337740433,0.6931471805330074,"[1.0, 0.0]"
mrpc_pos90_valbal258_n2300_nv258,LR,10.0,5,13.12236337740433,0.6931471805330074,"[1.0, 0.0]"
mrpc_pos90_valbal258_n2300_nv258,LR,10.0,10,13.12236337740433,0.6931471805330074,"[1.0, 0.0]"
mrpc_pos90_valbal258_n2300_nv258,FreeShap,,1,13.12236337740433,0.6931471805330074,"[1.0, 0.0]"
mrpc_pos90_valbal258_n2300_nv258,FreeShap,,2,13.12236337740433,0.6931471805330074,"[1.0, 0.0]"
mrpc_pos90_valbal258_n2300_nv258,FreeShap,,3,13.12236337740433,0.6931471805330074,"[1.0, 0.0]"
mrpc_pos90_valbal258_n2300_nv258,FreeShap,,5,13.12236337740433,0.6931471805330074,"[1.0, 0.0]"
mrpc_pos90_valbal258_n2300_nv258,FreeShap,,10,13.12236337740433,0.6931471805330074,"[1.0, 0.0]"
qqp_pos10_val1000_n2000_nv1000,A1,10.0,1,16.410936309858272,0.962334670348412,"[0.0, 1.0]"
qqp_pos10_val1000_n2000_nv1000,A1,10.0,2,16.410936309858272,0.962334670348412,"[0.0, 1.0]"
qqp_pos10_val1000_n2000_nv1000,A1,10.0,3,0.16879532590863822,0.16546455246371045,"[0.3333333333333333, 0.6666666666666666]"
qqp_pos10_val1000_n2000_nv1000,A1,10.0,5,0.09636832079126381,0.09689586382585916,"[0.4, 0.6]"
qqp_pos10_val1000_n2000_nv1000,A1,10.0,10,0.028112440774372874,0.02865356539005874,"[0.5, 0.5]"
qqp_pos10_val1000_n2000_nv1000,LR,10.0,1,16.410936309858272,0.962334670348412,"[0.0, 1.0]"
qqp_pos10_val1000_n2000_nv1000,LR,10.0,2,16.410936309858272,0.962334670348412,"[0.0, 1.0]"
qqp_pos10_val1000_n2000_nv1000,LR,10.0,3,16.410936309858272,0.962334670348412,"[0.0, 1.0]"
qqp_pos10_val1000_n2000_nv1000,LR,10.0,5,0.41483872670072974,0.3657186770671508,"[0.2, 0.8]"
qqp_pos10_val1000_n2000_nv1000,LR,10.0,10,0.41483872670072974,0.3657186770671508,"[0.2, 0.8]"
qqp_pos10_val1000_n2000_nv1000,FreeShap,,1,16.410936309858272,0.962334670348412,"[0.0, 1.0]"
qqp_pos10_val1000_n2000_nv1000,FreeShap,,2,16.410936309858272,0.962334670348412,"[0.0, 1.0]"
qqp_pos10_val1000_n2000_nv1000,FreeShap,,3,16.410936309858272,0.962334670348412,"[0.0, 1.0]"
qqp_pos10_val1000_n2000_nv1000,FreeShap,,5,16.410936309858272,0.962334670348412,"[0.0, 1.0]"
qqp_pos10_val1000_n2000_nv1000,FreeShap,,10,16.410936309858272,0.962334670348412,"[0.0, 1.0]"
qqp_pos10_valbal1000_n5000_nv1000,A1,10.0,1,13.12236337740433,0.6931471805330074,"[0.0, 1.0]"
qqp_pos10_valbal1000_n5000_nv1000,A1,10.0,2,13.12236337740433,0.6931471805330074,"[0.0, 1.0]"
qqp_pos10_valbal1000_n5000_nv1000,A1,10.0,3,13.12236337740433,0.6931471805330074,"[0.0, 1.0]"
qqp_pos10_valbal1000_n5000_nv1000,A1,10.0,5,0.2231435513142097,0.19274475702175747,"[0.2, 0.8]"
qqp_pos10_valbal1000_n5000_nv1000,A1,10.0,10,0.2231435513142097,0.19274475702175747,"[0.2, 0.8]"
qqp_pos10_valbal1000_n5000_nv1000,LR,10.0,1,13.12236337740433,0.6931471805330074,"[0.0, 1.0]"
qqp_pos10_valbal1000_n5000_nv1000,LR,10.0,2,13.12236337740433,0.6931471805330074,"[0.0, 1.0]"
qqp_pos10_valbal1000_n5000_nv1000,LR,10.0,3,13.12236337740433,0.6931471805330074,"[0.0, 1.0]"
qqp_pos10_valbal1000_n5000_nv1000,LR,10.0,5,13.12236337740433,0.6931471805330074,"[0.0, 1.0]"
qqp_pos10_valbal1000_n5000_nv1000,LR,10.0,10,13.12236337740433,0.6931471805330074,"[0.0, 1.0]"
qqp_pos10_valbal1000_n5000_nv1000,FreeShap,,1,13.12236337740433,0.6931471805330074,"[0.0, 1.0]"
qqp_pos10_valbal1000_n5000_nv1000,FreeShap,,2,13.12236337740433,0.6931471805330074,"[0.0, 1.0]"
qqp_pos10_valbal1000_n5000_nv1000,FreeShap,,3,13.12236337740433,0.6931471805330074,"[0.0, 1.0]"
qqp_pos10_valbal1000_n5000_nv1000,FreeShap,,5,13.12236337740433,0.6931471805330074,"[0.0, 1.0]"
qqp_pos10_valbal1000_n5000_nv1000,FreeShap,,10,13.12236337740433,0.6931471805330074,"[0.0, 1.0]"
qqp_pos30_val1000_n2000_nv1000,A1,10.0,1,16.410936309858272,0.962334670348412,"[0.0, 1.0]"
qqp_pos30_val1000_n2000_nv1000,A1,10.0,2,0.028112440774372874,0.02865356539005874,"[0.5, 0.5]"
qqp_pos30_val1000_n2000_nv1000,A1,10.0,3,0.005212591296491133,0.005108602846671945,"[0.6666666666666666, 0.3333333333333333]"
qqp_pos30_val1000_n2000_nv1000,A1,10.0,5,0.09636832079126381,0.09689586382585916,"[0.4, 0.6]"
qqp_pos30_val1000_n2000_nv1000,A1,10.0,10,0.09636832079126381,0.09689586382585916,"[0.4, 0.6]"
qqp_pos30_val1000_n2000_nv1000,LR,10.0,1,9.890015326499134,0.48126682149777766,"[1.0, 0.0]"
qqp_pos30_val1000_n2000_nv1000,LR,10.0,2,0.028112440774372874,0.02865356539005874,"[0.5, 0.5]"
qqp_pos30_val1000_n2000_nv1000,LR,10.0,3,0.005212591296491133,0.005108602846671945,"[0.6666666666666666, 0.3333333333333333]"
qqp_pos30_val1000_n2000_nv1000,LR,10.0,5,0.000678555277737039,0.000682294055636086,"[0.6, 0.4]"
qqp_pos30_val1000_n2000_nv1000,LR,10.0,10,0.000678555277737039,0.000682294055636086,"[0.6, 0.4]"
qqp_pos30_val1000_n2000_nv1000,FreeShap,,1,16.410936309858272,0.962334670348412,"[0.0, 1.0]"
qqp_pos30_val1000_n2000_nv1000,FreeShap,,2,16.410936309858272,0.962334670348412,"[0.0, 1.0]"
qqp_pos30_val1000_n2000_nv1000,FreeShap,,3,16.410936309858272,0.962334670348412,"[0.0, 1.0]"
qqp_pos30_val1000_n2000_nv1000,FreeShap,,5,16.410936309858272,0.962334670348412,"[0.0, 1.0]"
qqp_pos30_val1000_n2000_nv1000,FreeShap,,10,0.41483872670072974,0.3657186770671508,"[0.2, 0.8]"
qqp_pos30_valbal1000_n5000_nv1000,A1,10.0,1,13.12236337740433,0.6931471805330074,"[0.0, 1.0]"
qqp_pos30_valbal1000_n5000_nv1000,A1,10.0,2,13.12236337740433,0.6931471805330074,"[0.0, 1.0]"
qqp_pos30_valbal1000_n5000_nv1000,A1,10.0,3,13.12236337740433,0.6931471805330074,"[0.0, 1.0]"
qqp_pos30_valbal1000_n5000_nv1000,A1,10.0,5,13.12236337740433,0.6931471805330074,"[0.0, 1.0]"
qqp_pos30_valbal1000_n5000_nv1000,A1,10.0,10,13.12236337740433,0.6931471805330074,"[0.0, 1.0]"
qqp_pos30_valbal1000_n5000_nv1000,LR,10.0,1,13.12236337740433,0.6931471805330074,"[0.0, 1.0]"
qqp_pos30_valbal1000_n5000_nv1000,LR,10.0,2,13.12236337740433,0.6931471805330074,"[0.0, 1.0]"
qqp_pos30_valbal1000_n5000_nv1000,LR,10.0,3,13.12236337740433,0.6931471805330074,"[0.0, 1.0]"
qqp_pos30_valbal1000_n5000_nv1000,LR,10.0,5,13.12236337740433,0.6931471805330074,"[0.0, 1.0]"
qqp_pos30_valbal1000_n5000_nv1000,LR,10.0,10,13.12236337740433,0.6931471805330074,"[0.0, 1.0]"
qqp_pos30_valbal1000_n5000_nv1000,FreeShap,,1,13.12236337740433,0.6931471805330074,"[0.0, 1.0]"
qqp_pos30_valbal1000_n5000_nv1000,FreeShap,,2,13.12236337740433,0.6931471805330074,"[0.0, 1.0]"
qqp_pos30_valbal1000_n5000_nv1000,FreeShap,,3,13.12236337740433,0.6931471805330074,"[0.0, 1.0]"
qqp_pos30_valbal1000_n5000_nv1000,FreeShap,,5,13.12236337740433,0.6931471805330074,"[0.0, 1.0]"
qqp_pos30_valbal1000_n5000_nv1000,FreeShap,,10,13.12236337740433,0.6931471805330074,"[0.0, 1.0]"
qqp_pos50_val1000_n2000_nv1000,A1,10.0,1,16.410936309858272,0.962334670348412,"[0.0, 1.0]"
qqp_pos50_val1000_n2000_nv1000,A1,10.0,2,0.028112440774372874,0.02865356539005874,"[0.5, 0.5]"
qqp_pos50_val1000_n2000_nv1000,A1,10.0,3,0.16879532590863822,0.16546455246371045,"[0.3333333333333333, 0.6666666666666666]"
qqp_pos50_val1000_n2000_nv1000,A1,10.0,5,0.41483872670072974,0.3657186770671508,"[0.2, 0.8]"
qqp_pos50_val1000_n2000_nv1000,A1,10.0,10,0.2152702818724517,0.20715001366533367,"[0.3, 0.7]"
qqp_pos50_val1000_n2000_nv1000,LR,10.0,1,9.890015326499134,0.48126682149777766,"[1.0, 0.0]"
qqp_pos50_val1000_n2000_nv1000,LR,10.0,2,9.890015326499134,0.48126682149777766,"[1.0, 0.0]"
qqp_pos50_val1000_n2000_nv1000,LR,10.0,3,9.890015326499134,0.48126682149777766,"[1.0, 0.0]"
qqp_pos50_val1000_n2000_nv1000,LR,10.0,5,9.890015326499134,0.48126682149777766,"[1.0, 0.0]"
qqp_pos50_val1000_n2000_nv1000,LR,10.0,10,9.890015326499134,0.48126682149777766,"[1.0, 0.0]"
qqp_pos50_val1000_n2000_nv1000,FreeShap,,1,9.890015326499134,0.48126682149777766,"[1.0, 0.0]"
qqp_pos50_val1000_n2000_nv1000,FreeShap,,2,9.890015326499134,0.48126682149777766,"[1.0, 0.0]"
qqp_pos50_val1000_n2000_nv1000,FreeShap,,3,9.890015326499134,0.48126682149777766,"[1.0, 0.0]"
qqp_pos50_val1000_n2000_nv1000,FreeShap,,5,9.890015326499134,0.48126682149777766,"[1.0, 0.0]"
qqp_pos50_val1000_n2000_nv1000,FreeShap,,10,9.890015326499134,0.48126682149777766,"[1.0, 0.0]"
qqp_pos50_valbal1000_n5000_nv1000,A1,10.0,1,13.12236337740433,0.6931471805330074,"[0.0, 1.0]"
qqp_pos50_valbal1000_n5000_nv1000,A1,10.0,2,0.0,0.0,"[0.5, 0.5]"
qqp_pos50_valbal1000_n5000_nv1000,A1,10.0,3,0.05889151782819174,0.056633012265132426,"[0.3333333333333333, 0.6666666666666666]"
qqp_pos50_valbal1000_n5000_nv1000,A1,10.0,5,0.020410997260127572,0.020135513550688863,"[0.4, 0.6]"
qqp_pos50_valbal1000_n5000_nv1000,A1,10.0,10,0.0,0.0,"[0.5, 0.5]"
qqp_pos50_valbal1000_n5000_nv1000,LR,10.0,1,13.12236337740433,0.6931471805330074,"[0.0, 1.0]"
qqp_pos50_valbal1000_n5000_nv1000,LR,10.0,2,13.12236337740433,0.6931471805330074,"[0.0, 1.0]"
qqp_pos50_valbal1000_n5000_nv1000,LR,10.0,3,13.12236337740433,0.6931471805330074,"[0.0, 1.0]"
qqp_pos50_valbal1000_n5000_nv1000,LR,10.0,5,0.020410997260127572,0.020135513550688863,"[0.4, 0.6]"
qqp_pos50_valbal1000_n5000_nv1000,LR,10.0,10,0.020410997260127572,0.020135513550688863,"[0.4, 0.6]"
qqp_pos50_valbal1000_n5000_nv1000,FreeShap,,1,13.12236337740433,0.6931471805330074,"[1.0, 0.0]"
qqp_pos50_valbal1000_n5000_nv1000,FreeShap,,2,13.12236337740433,0.6931471805330074,"[1.0, 0.0]"
qqp_pos50_valbal1000_n5000_nv1000,FreeShap,,3,0.05889151782819174,0.056633012265132426,"[0.6666666666666666, 0.3333333333333333]"
qqp_pos50_valbal1000_n5000_nv1000,FreeShap,,5,0.2231435513142097,0.19274475702175747,"[0.8, 0.2]"
qqp_pos50_valbal1000_n5000_nv1000,FreeShap,,10,0.0,0.0,"[0.5, 0.5]"
qqp_pos50_valimb1000_pos10_n5000_nv1000,A1,10.0,1,2.438019138201407,0.10536051563249792,"[1.0, 0.0]"
qqp_pos50_valimb1000_pos10_n5000_nv1000,A1,10.0,2,2.438019138201407,0.10536051563249792,"[1.0, 0.0]"
qqp_pos50_valimb1000_pos10_n5000_nv1000,A1,10.0,3,2.438019138201407,0.10536051563249792,"[1.0, 0.0]"
qqp_pos50_valimb1000_pos10_n5000_nv1000,A1,10.0,5,2.438019138201407,0.10536051563249792,"[1.0, 0.0]"
qqp_pos50_valimb1000_pos10_n5000_nv1000,A1,10.0,10,2.438019138201407,0.10536051563249792,"[1.0, 0.0]"
qqp_pos50_valimb1000_pos10_n5000_nv1000,LR,10.0,1,2.438019138201407,0.10536051563249792,"[1.0, 0.0]"
qqp_pos50_valimb1000_pos10_n5000_nv1000,LR,10.0,2,2.438019138201407,0.10536051563249792,"[1.0, 0.0]"
qqp_pos50_valimb1000_pos10_n5000_nv1000,LR,10.0,3,2.438019138201407,0.10536051563249792,"[1.0, 0.0]"
qqp_pos50_valimb1000_pos10_n5000_nv1000,LR,10.0,5,2.438019138201407,0.10536051563249792,"[1.0, 0.0]"
qqp_pos50_valimb1000_pos10_n5000_nv1000,LR,10.0,10,2.438019138201407,0.10536051563249792,"[1.0, 0.0]"
qqp_pos50_valimb1000_pos10_n5000_nv1000,FreeShap,,1,2.438019138201407,0.10536051563249792,"[1.0, 0.0]"
qqp_pos50_valimb1000_pos10_n5000_nv1000,FreeShap,,2,2.438019138201407,0.10536051563249792,"[1.0, 0.0]"
qqp_pos50_valimb1000_pos10_n5000_nv1000,FreeShap,,3,2.438019138201407,0.10536051563249792,"[1.0, 0.0]"
qqp_pos50_valimb1000_pos10_n5000_nv1000,FreeShap,,5,2.438019138201407,0.10536051563249792,"[1.0, 0.0]"
qqp_pos50_valimb1000_pos10_n5000_nv1000,FreeShap,,10,2.438019138201407,0.10536051563249792,"[1.0, 0.0]"
qqp_pos50_valimb1000_pos30_n5000_nv1000,A1,10.0,1,7.67844203272367,0.35667494391230536,"[1.0, 0.0]"
qqp_pos50_valimb1000_pos30_n5000_nv1000,A1,10.0,2,7.67844203272367,0.35667494391230536,"[1.0, 0.0]"
qqp_pos50_valimb1000_pos30_n5000_nv1000,A1,10.0,3,7.67844203272367,0.35667494391230536,"[1.0, 0.0]"
qqp_pos50_valimb1000_pos30_n5000_nv1000,A1,10.0,5,7.67844203272367,0.35667494391230536,"[1.0, 0.0]"
qqp_pos50_valimb1000_pos30_n5000_nv1000,A1,10.0,10,7.67844203272367,0.35667494391230536,"[1.0, 0.0]"
qqp_pos50_valimb1000_pos30_n5000_nv1000,LR,10.0,1,7.67844203272367,0.35667494391230536,"[1.0, 0.0]"
qqp_pos50_valimb1000_pos30_n5000_nv1000,LR,10.0,2,7.67844203272367,0.35667494391230536,"[1.0, 0.0]"
qqp_pos50_valimb1000_pos30_n5000_nv1000,LR,10.0,3,7.67844203272367,0.35667494391230536,"[1.0, 0.0]"
qqp_pos50_valimb1000_pos30_n5000_nv1000,LR,10.0,5,7.67844203272367,0.35667494391230536,"[1.0, 0.0]"
qqp_pos50_valimb1000_pos30_n5000_nv1000,LR,10.0,10,7.67844203272367,0.35667494391230536,"[1.0, 0.0]"
qqp_pos50_valimb1000_pos30_n5000_nv1000,FreeShap,,1,7.67844203272367,0.35667494391230536,"[1.0, 0.0]"
qqp_pos50_valimb1000_pos30_n5000_nv1000,FreeShap,,2,7.67844203272367,0.35667494391230536,"[1.0, 0.0]"
qqp_pos50_valimb1000_pos30_n5000_nv1000,FreeShap,,3,7.67844203272367,0.35667494391230536,"[1.0, 0.0]"
qqp_pos50_valimb1000_pos30_n5000_nv1000,FreeShap,,5,7.67844203272367,0.35667494391230536,"[1.0, 0.0]"
qqp_pos50_valimb1000_pos30_n5000_nv1000,FreeShap,,10,7.67844203272367,0.35667494391230536,"[1.0, 0.0]"
rte_pos10_val277_n1300_nv277,A1,10.0,1,12.37569795336287,0.6404108844521198,"[1.0, 0.0]"
rte_pos10_val277_n1300_nv277,A1,10.0,2,12.37569795336287,0.6404108844521198,"[1.0, 0.0]"
rte_pos10_val277_n1300_nv277,A1,10.0,3,12.37569795336287,0.6404108844521198,"[1.0, 0.0]"
rte_pos10_val277_n1300_nv277,A1,10.0,5,12.37569795336287,0.6404108844521198,"[1.0, 0.0]"
rte_pos10_val277_n1300_nv277,A1,10.0,10,12.37569795336287,0.6404108844521198,"[1.0, 0.0]"
rte_pos10_val277_n1300_nv277,LR,10.0,1,13.871962634730842,0.7488201829591963,"[0.0, 1.0]"
rte_pos10_val277_n1300_nv277,LR,10.0,2,13.871962634730842,0.7488201829591963,"[0.0, 1.0]"
rte_pos10_val277_n1300_nv277,LR,10.0,3,13.871962634730842,0.7488201829591963,"[0.0, 1.0]"
rte_pos10_val277_n1300_nv277,LR,10.0,5,13.871962634730842,0.7488201829591963,"[0.0, 1.0]"
rte_pos10_val277_n1300_nv277,LR,10.0,10,13.871962634730842,0.7488201829591963,"[0.0, 1.0]"
rte_pos10_val277_n1300_nv277,FreeShap,,1,13.871962634730842,0.7488201829591963,"[0.0, 1.0]"
rte_pos10_val277_n1300_nv277,FreeShap,,2,13.871962634730842,0.7488201829591963,"[0.0, 1.0]"
rte_pos10_val277_n1300_nv277,FreeShap,,3,13.871962634730842,0.7488201829591963,"[0.0, 1.0]"
rte_pos10_val277_n1300_nv277,FreeShap,,5,0.2621455138354345,0.2267358997465621,"[0.2, 0.8]"
rte_pos10_val277_n1300_nv277,FreeShap,,10,0.5717841805891016,0.4128962797440202,"[0.1, 0.9]"
rte_pos30_val277_n1300_nv277,A1,10.0,1,12.37569795336287,0.6404108844521198,"[1.0, 0.0]"
rte_pos30_val277_n1300_nv277,A1,10.0,2,0.0014669166425273494,0.0014683531726491193,"[0.5, 0.5]"
rte_pos30_val277_n1300_nv277,A1,10.0,3,0.04159091153137043,0.04003314901991742,"[0.6666666666666666, 0.3333333333333333]"
rte_pos30_val277_n1300_nv277,A1,10.0,5,0.18707542207803962,0.16169032064225114,"[0.8, 0.2]"
rte_pos30_val277_n1300_nv277,A1,10.0,10,0.18707542207803962,0.16169032064225114,"[0.8, 0.2]"
rte_pos30_val277_n1300_nv277,LR,10.0,1,12.37569795336287,0.6404108844521198,"[1.0, 0.0]"
rte_pos30_val277_n1300_nv277,LR,10.0,2,12.37569795336287,0.6404108844521198,"[1.0, 0.0]"
rte_pos30_val277_n1300_nv277,LR,10.0,3,0.04159091153137043,0.04003314901991742,"[0.6666666666666666, 0.3333333333333333]"
rte_pos30_val277_n1300_nv277,LR,10.0,5,0.03285621105359798,0.032444796574056495,"[0.4, 0.6]"
rte_pos30_val277_n1300_nv277,LR,10.0,10,0.1115848880232341,0.105433091379138,"[0.3, 0.7]"
rte_pos30_val277_n1300_nv277,FreeShap,,1,13.871962634730842,0.7488201829591963,"[0.0, 1.0]"
rte_pos30_val277_n1300_nv277,FreeShap,,2,13.871962634730842,0.7488201829591963,"[0.0, 1.0]"
rte_pos30_val277_n1300_nv277,FreeShap,,3,13.871962634730842,0.7488201829591963,"[0.0, 1.0]"
rte_pos30_val277_n1300_nv277,FreeShap,,5,0.2621455138354345,0.2267358997465621,"[0.2, 0.8]"
rte_pos30_val277_n1300_nv277,FreeShap,,10,0.2621455138354345,0.2267358997465621,"[0.2, 0.8]"
rte_pos50_val277_n1300_nv277,A1,10.0,1,12.37569795336287,0.6404108844521198,"[1.0, 0.0]"
rte_pos50_val277_n1300_nv277,A1,10.0,2,12.37569795336287,0.6404108844521198,"[1.0, 0.0]"
rte_pos50_val277_n1300_nv277,A1,10.0,3,12.37569795336287,0.6404108844521198,"[1.0, 0.0]"
rte_pos50_val277_n1300_nv277,A1,10.0,5,0.010899616751711805,0.010762936872619547,"[0.6, 0.4]"
rte_pos50_val277_n1300_nv277,A1,10.0,10,0.0014669166425273494,0.0014683531726491193,"[0.5, 0.5]"
rte_pos50_val277_n1300_nv277,LR,10.0,1,12.37569795336287,0.6404108844521198,"[1.0, 0.0]"
rte_pos50_val277_n1300_nv277,LR,10.0,2,12.37569795336287,0.6404108844521198,"[1.0, 0.0]"
rte_pos50_val277_n1300_nv277,LR,10.0,3,12.37569795336287,0.6404108844521198,"[1.0, 0.0]"
rte_pos50_val277_n1300_nv277,LR,10.0,5,12.37569795336287,0.6404108844521198,"[1.0, 0.0]"
rte_pos50_val277_n1300_nv277,LR,10.0,10,0.06570233240659851,0.06206937197626389,"[0.7, 0.3]"
rte_pos50_val277_n1300_nv277,FreeShap,,1,12.37569795336287,0.6404108844521198,"[1.0, 0.0]"
rte_pos50_val277_n1300_nv277,FreeShap,,2,12.37569795336287,0.6404108844521198,"[1.0, 0.0]"
rte_pos50_val277_n1300_nv277,FreeShap,,3,12.37569795336287,0.6404108844521198,"[1.0, 0.0]"
rte_pos50_val277_n1300_nv277,FreeShap,,5,0.18707542207803962,0.16169032064225114,"[0.8, 0.2]"
rte_pos50_val277_n1300_nv277,FreeShap,,10,0.18707542207803962,0.16169032064225114,"[0.8, 0.2]"
rte_pos50_valbal262_n1300_nv262,A1,10.0,1,13.12236337740433,0.6931471805330074,"[1.0, 0.0]"
rte_pos50_valbal262_n1300_nv262,A1,10.0,2,13.12236337740433,0.6931471805330074,"[1.0, 0.0]"
rte_pos50_valbal262_n1300_nv262,A1,10.0,3,0.05889151782819174,0.056633012265132426,"[0.6666666666666666, 0.3333333333333333]"
rte_pos50_valbal262_n1300_nv262,A1,10.0,5,0.020410997260127572,0.020135513550688863,"[0.6, 0.4]"
rte_pos50_valbal262_n1300_nv262,A1,10.0,10,0.0,0.0,"[0.5, 0.5]"
rte_pos50_valbal262_n1300_nv262,LR,10.0,1,13.12236337740433,0.6931471805330074,"[1.0, 0.0]"
rte_pos50_valbal262_n1300_nv262,LR,10.0,2,13.12236337740433,0.6931471805330074,"[1.0, 0.0]"
rte_pos50_valbal262_n1300_nv262,LR,10.0,3,13.12236337740433,0.6931471805330074,"[1.0, 0.0]"
rte_pos50_valbal262_n1300_nv262,LR,10.0,5,0.2231435513142097,0.19274475702175747,"[0.8, 0.2]"
rte_pos50_valbal262_n1300_nv262,LR,10.0,10,0.020410997260127572,0.020135513550688863,"[0.6, 0.4]"
rte_pos50_valbal262_n1300_nv262,FreeShap,,1,13.12236337740433,0.6931471805330074,"[1.0, 0.0]"
rte_pos50_valbal262_n1300_nv262,FreeShap,,2,13.12236337740433,0.6931471805330074,"[1.0, 0.0]"
rte_pos50_valbal262_n1300_nv262,FreeShap,,3,0.05889151782819174,0.056633012265132426,"[0.6666666666666666, 0.3333333333333333]"
rte_pos50_valbal262_n1300_nv262,FreeShap,,5,0.020410997260127572,0.020135513550688863,"[0.6, 0.4]"
rte_pos50_valbal262_n1300_nv262,FreeShap,,10,0.08717669357238891,0.08228287850505175,"[0.7, 0.3]"
rte_pos50_valimb145_pos70_n1300_nv145,A1,10.0,1,18.829079952438256,1.2155336266997327,"[1.0, 0.0]"
rte_pos50_valimb145_pos70_n1300_nv145,A1,10.0,2,18.829079952438256,1.2155336266997327,"[1.0, 0.0]"
rte_pos50_valimb145_pos70_n1300_nv145,A1,10.0,3,18.829079952438256,1.2155336266997327,"[1.0, 0.0]"
rte_pos50_valimb145_pos70_n1300_nv145,A1,10.0,5,0.18813514311680654,0.19701288068147216,"[0.6, 0.4]"
rte_pos50_valimb145_pos70_n1300_nv145,A1,10.0,10,0.08523296868984553,0.09050009737171233,"[0.5, 0.5]"
rte_pos50_valimb145_pos70_n1300_nv145,LR,10.0,1,7.58611273975009,0.3517609291098878,"[0.0, 1.0]"
rte_pos50_valimb145_pos70_n1300_nv145,LR,10.0,2,7.58611273975009,0.3517609291098878,"[0.0, 1.0]"
rte_pos50_valimb145_pos70_n1300_nv145,LR,10.0,3,7.58611273975009,0.3517609291098878,"[0.0, 1.0]"
rte_pos50_valimb145_pos70_n1300_nv145,LR,10.0,5,7.58611273975009,0.3517609291098878,"[0.0, 1.0]"
rte_pos50_valimb145_pos70_n1300_nv145,LR,10.0,10,7.58611273975009,0.3517609291098878,"[0.0, 1.0]"
rte_pos50_valimb145_pos70_n1300_nv145,FreeShap,,1,7.58611273975009,0.3517609291098878,"[0.0, 1.0]"
rte_pos50_valimb145_pos70_n1300_nv145,FreeShap,,2,7.58611273975009,0.3517609291098878,"[0.0, 1.0]"
rte_pos50_valimb145_pos70_n1300_nv145,FreeShap,,3,7.58611273975009,0.3517609291098878,"[0.0, 1.0]"
rte_pos50_valimb145_pos70_n1300_nv145,FreeShap,,5,7.58611273975009,0.3517609291098878,"[0.0, 1.0]"
rte_pos50_valimb145_pos70_n1300_nv145,FreeShap,,10,7.58611273975009,0.3517609291098878,"[0.0, 1.0]"
rte_pos50_valimb145_pos90_n1300_nv145,A1,10.0,1,24.440045406865426,2.268683541290842,"[1.0, 0.0]"
rte_pos50_valimb145_pos90_n1300_nv145,A1,10.0,2,0.36055296624805266,0.49579423608173284,"[0.5, 0.5]"
rte_pos50_valimb145_pos90_n1300_nv145,A1,10.0,3,0.6943131936086365,0.9123412899057605,"[0.6666666666666666, 0.3333333333333333]"
rte_pos50_valimb145_pos90_n1300_nv145,A1,10.0,5,0.5417518512062455,0.7318781745677588,"[0.6, 0.4]"
rte_pos50_valimb145_pos90_n1300_nv145,A1,10.0,10,0.5417518512062455,0.7318781745677588,"[0.6, 0.4]"
rte_pos50_valimb145_pos90_n1300_nv145,LR,10.0,1,2.5257872804393364,0.10919929193962968,"[0.0, 1.0]"
rte_pos50_valimb145_pos90_n1300_nv145,LR,10.0,2,2.5257872804393364,0.10919929193962968,"[0.0, 1.0]"
rte_pos50_valimb145_pos90_n1300_nv145,LR,10.0,3,2.5257872804393364,0.10919929193962968,"[0.0, 1.0]"
rte_pos50_valimb145_pos90_n1300_nv145,LR,10.0,5,2.5257872804393364,0.10919929193962968,"[0.0, 1.0]"
rte_pos50_valimb145_pos90_n1300_nv145,LR,10.0,10,2.5257872804393364,0.10919929193962968,"[0.0, 1.0]"
rte_pos50_valimb145_pos90_n1300_nv145,FreeShap,,1,2.5257872804393364,0.10919929193962968,"[0.0, 1.0]"
rte_pos50_valimb145_pos90_n1300_nv145,FreeShap,,2,2.5257872804393364,0.10919929193962968,"[0.0, 1.0]"
rte_pos50_valimb145_pos90_n1300_nv145,FreeShap,,3,2.5257872804393364,0.10919929193962968,"[0.0, 1.0]"
rte_pos50_valimb145_pos90_n1300_nv145,FreeShap,,5,2.5257872804393364,0.10919929193962968,"[0.0, 1.0]"
rte_pos50_valimb145_pos90_n1300_nv145,FreeShap,,10,2.5257872804393364,0.10919929193962968,"[0.0, 1.0]"
rte_pos70_valbal262_n1300_nv262,A1,10.0,1,13.12236337740433,0.6931471805330074,"[1.0, 0.0]"
rte_pos70_valbal262_n1300_nv262,A1,10.0,2,0.0,0.0,"[0.5, 0.5]"
rte_pos70_valbal262_n1300_nv262,A1,10.0,3,0.05889151782819174,0.056633012265132426,"[0.3333333333333333, 0.6666666666666666]"
rte_pos70_valbal262_n1300_nv262,A1,10.0,5,0.2231435513142097,0.19274475702175747,"[0.2, 0.8]"
rte_pos70_valbal262_n1300_nv262,A1,10.0,10,0.2231435513142097,0.19274475702175747,"[0.2, 0.8]"
rte_pos70_valbal262_n1300_nv262,LR,10.0,1,13.12236337740433,0.6931471805330074,"[1.0, 0.0]"
rte_pos70_valbal262_n1300_nv262,LR,10.0,2,13.12236337740433,0.6931471805330074,"[1.0, 0.0]"
rte_pos70_valbal262_n1300_nv262,LR,10.0,3,13.12236337740433,0.6931471805330074,"[1.0, 0.0]"
rte_pos70_valbal262_n1300_nv262,LR,10.0,5,13.12236337740433,0.6931471805330074,"[1.0, 0.0]"
rte_pos70_valbal262_n1300_nv262,LR,10.0,10,13.12236337740433,0.6931471805330074,"[1.0, 0.0]"
rte_pos70_valbal262_n1300_nv262,FreeShap,,1,13.12236337740433,0.6931471805330074,"[1.0, 0.0]"
rte_pos70_valbal262_n1300_nv262,FreeShap,,2,13.12236337740433,0.6931471805330074,"[1.0, 0.0]"
rte_pos70_valbal262_n1300_nv262,FreeShap,,3,0.05889151782819174,0.056633012265132426,"[0.6666666666666666, 0.3333333333333333]"
rte_pos70_valbal262_n1300_nv262,FreeShap,,5,0.020410997260127572,0.020135513550688863,"[0.6, 0.4]"
rte_pos70_valbal262_n1300_nv262,FreeShap,,10,0.2231435513142097,0.19274475702175747,"[0.8, 0.2]"
rte_pos90_valbal262_n1300_nv262,A1,10.0,1,13.12236337740433,0.6931471805330074,"[0.0, 1.0]"
rte_pos90_valbal262_n1300_nv262,A1,10.0,2,13.12236337740433,0.6931471805330074,"[0.0, 1.0]"
rte_pos90_valbal262_n1300_nv262,A1,10.0,3,13.12236337740433,0.6931471805330074,"[0.0, 1.0]"
rte_pos90_valbal262_n1300_nv262,A1,10.0,5,13.12236337740433,0.6931471805330074,"[0.0, 1.0]"
rte_pos90_valbal262_n1300_nv262,A1,10.0,10,13.12236337740433,0.6931471805330074,"[0.0, 1.0]"
rte_pos90_valbal262_n1300_nv262,LR,10.0,1,13.12236337740433,0.6931471805330074,"[1.0, 0.0]"
rte_pos90_valbal262_n1300_nv262,LR,10.0,2,13.12236337740433,0.6931471805330074,"[1.0, 0.0]"
rte_pos90_valbal262_n1300_nv262,LR,10.0,3,13.12236337740433,0.6931471805330074,"[1.0, 0.0]"
rte_pos90_valbal262_n1300_nv262,LR,10.0,5,13.12236337740433,0.6931471805330074,"[1.0, 0.0]"
rte_pos90_valbal262_n1300_nv262,LR,10.0,10,13.12236337740433,0.6931471805330074,"[1.0, 0.0]"
rte_pos90_valbal262_n1300_nv262,FreeShap,,1,13.12236337740433,0.6931471805330074,"[1.0, 0.0]"
rte_pos90_valbal262_n1300_nv262,FreeShap,,2,13.12236337740433,0.6931471805330074,"[1.0, 0.0]"
rte_pos90_valbal262_n1300_nv262,FreeShap,,3,13.12236337740433,0.6931471805330074,"[1.0, 0.0]"
rte_pos90_valbal262_n1300_nv262,FreeShap,,5,13.12236337740433,0.6931471805330074,"[1.0, 0.0]"
rte_pos90_valbal262_n1300_nv262,FreeShap,,10,13.12236337740433,0.6931471805330074,"[1.0, 0.0]"
sst2_pos50_valbal856_n5000_nv856,A1,10.0,1,13.12236337740433,0.6931471805330074,"[1.0, 0.0]"
sst2_pos50_valbal856_n5000_nv856,A1,10.0,2,0.0,0.0,"[0.5, 0.5]"
sst2_pos50_valbal856_n5000_nv856,A1,10.0,3,0.05889151782819174,0.056633012265132426,"[0.3333333333333333, 0.6666666666666666]"
sst2_pos50_valbal856_n5000_nv856,A1,10.0,5,0.020410997260127572,0.020135513550688863,"[0.4, 0.6]"
sst2_pos50_valbal856_n5000_nv856,A1,10.0,10,0.020410997260127572,0.020135513550688863,"[0.6, 0.4]"
sst2_pos50_valbal856_n5000_nv856,LR,10.0,1,13.12236337740433,0.6931471805330074,"[0.0, 1.0]"
sst2_pos50_valbal856_n5000_nv856,LR,10.0,2,0.0,0.0,"[0.5, 0.5]"
sst2_pos50_valbal856_n5000_nv856,LR,10.0,3,0.05889151782819174,0.056633012265132426,"[0.6666666666666666, 0.3333333333333333]"
sst2_pos50_valbal856_n5000_nv856,LR,10.0,5,0.2231435513142097,0.19274475702175747,"[0.8, 0.2]"
sst2_pos50_valbal856_n5000_nv856,LR,10.0,10,0.020410997260127572,0.020135513550688863,"[0.6, 0.4]"
sst2_pos50_valbal856_n5000_nv856,FreeShap,,1,13.12236337740433,0.6931471805330074,"[0.0, 1.0]"
sst2_pos50_valbal856_n5000_nv856,FreeShap,,2,0.0,0.0,"[0.5, 0.5]"
sst2_pos50_valbal856_n5000_nv856,FreeShap,,3,0.05889151782819174,0.056633012265132426,"[0.6666666666666666, 0.3333333333333333]"
sst2_pos50_valbal856_n5000_nv856,FreeShap,,5,0.2231435513142097,0.19274475702175747,"[0.8, 0.2]"
sst2_pos50_valbal856_n5000_nv856,FreeShap,,10,0.08717669357238891,0.08228287850505175,"[0.7, 0.3]"
sst2_pos50_valimb400_pos70_n5000_nv400,A1,10.0,1,7.67844203272367,0.35667494391230536,"[0.0, 1.0]"
sst2_pos50_valimb400_pos70_n5000_nv400,A1,10.0,2,7.67844203272367,0.35667494391230536,"[0.0, 1.0]"
sst2_pos50_valimb400_pos70_n5000_nv400,A1,10.0,3,7.67844203272367,0.35667494391230536,"[0.0, 1.0]"
sst2_pos50_valimb400_pos70_n5000_nv400,A1,10.0,5,7.67844203272367,0.35667494391230536,"[0.0, 1.0]"
sst2_pos50_valimb400_pos70_n5000_nv400,A1,10.0,10,7.67844203272367,0.35667494391230536,"[0.0, 1.0]"
sst2_pos50_valimb400_pos70_n5000_nv400,LR,10.0,1,7.67844203272367,0.35667494391230536,"[0.0, 1.0]"
sst2_pos50_valimb400_pos70_n5000_nv400,LR,10.0,2,7.67844203272367,0.35667494391230536,"[0.0, 1.0]"
sst2_pos50_valimb400_pos70_n5000_nv400,LR,10.0,3,7.67844203272367,0.35667494391230536,"[0.0, 1.0]"
sst2_pos50_valimb400_pos70_n5000_nv400,LR,10.0,5,7.67844203272367,0.35667494391230536,"[0.0, 1.0]"
sst2_pos50_valimb400_pos70_n5000_nv400,LR,10.0,10,7.67844203272367,0.35667494391230536,"[0.0, 1.0]"
sst2_pos50_valimb400_pos70_n5000_nv400,FreeShap,,1,7.67844203272367,0.35667494391230536,"[0.0, 1.0]"
sst2_pos50_valimb400_pos70_n5000_nv400,FreeShap,,2,7.67844203272367,0.35667494391230536,"[0.0, 1.0]"
sst2_pos50_valimb400_pos70_n5000_nv400,FreeShap,,3,7.67844203272367,0.35667494391230536,"[0.0, 1.0]"
sst2_pos50_valimb400_pos70_n5000_nv400,FreeShap,,5,7.67844203272367,0.35667494391230536,"[0.0, 1.0]"
sst2_pos50_valimb400_pos70_n5000_nv400,FreeShap,,10,7.67844203272367,0.35667494391230536,"[0.0, 1.0]"
sst2_pos50_valimb400_pos90_n5000_nv400,A1,10.0,1,2.438019138201407,0.10536051563249792,"[0.0, 1.0]"
sst2_pos50_valimb400_pos90_n5000_nv400,A1,10.0,2,2.438019138201407,0.10536051563249792,"[0.0, 1.0]"
sst2_pos50_valimb400_pos90_n5000_nv400,A1,10.0,3,2.438019138201407,0.10536051563249792,"[0.0, 1.0]"
sst2_pos50_valimb400_pos90_n5000_nv400,A1,10.0,5,2.438019138201407,0.10536051563249792,"[0.0, 1.0]"
sst2_pos50_valimb400_pos90_n5000_nv400,A1,10.0,10,2.438019138201407,0.10536051563249792,"[0.0, 1.0]"
sst2_pos50_valimb400_pos90_n5000_nv400,LR,10.0,1,2.438019138201407,0.10536051563249792,"[0.0, 1.0]"
sst2_pos50_valimb400_pos90_n5000_nv400,LR,10.0,2,2.438019138201407,0.10536051563249792,"[0.0, 1.0]"
sst2_pos50_valimb400_pos90_n5000_nv400,LR,10.0,3,2.438019138201407,0.10536051563249792,"[0.0, 1.0]"
sst2_pos50_valimb400_pos90_n5000_nv400,LR,10.0,5,2.438019138201407,0.10536051563249792,"[0.0, 1.0]"
sst2_pos50_valimb400_pos90_n5000_nv400,LR,10.0,10,2.438019138201407,0.10536051563249792,"[0.0, 1.0]"
sst2_pos50_valimb400_pos90_n5000_nv400,FreeShap,,1,2.438019138201407,0.10536051563249792,"[0.0, 1.0]"
sst2_pos50_valimb400_pos90_n5000_nv400,FreeShap,,2,2.438019138201407,0.10536051563249792,"[0.0, 1.0]"
sst2_pos50_valimb400_pos90_n5000_nv400,FreeShap,,3,2.438019138201407,0.10536051563249792,"[0.0, 1.0]"
sst2_pos50_valimb400_pos90_n5000_nv400,FreeShap,,5,2.438019138201407,0.10536051563249792,"[0.0, 1.0]"
sst2_pos50_valimb400_pos90_n5000_nv400,FreeShap,,10,2.438019138201407,0.10536051563249792,"[0.0, 1.0]"
sst2_pos70_val872_n2000_nv872,A1,10.0,1,12.869036116281771,0.6749648614498356,"[0.0, 1.0]"
sst2_pos70_val872_n2000_nv872,A1,10.0,2,12.869036116281771,0.6749648614498356,"[0.0, 1.0]"
sst2_pos70_val872_n2000_nv872,A1,10.0,3,12.869036116281771,0.6749648614498356,"[0.0, 1.0]"
sst2_pos70_val872_n2000_nv872,A1,10.0,5,12.869036116281771,0.6749648614498356,"[0.0, 1.0]"
sst2_pos70_val872_n2000_nv872,A1,10.0,10,12.869036116281771,0.6749648614498356,"[0.0, 1.0]"
sst2_pos70_val872_n2000_nv872,LR,10.0,1,13.376027329418072,0.7116662283002267,"[1.0, 0.0]"
sst2_pos70_val872_n2000_nv872,LR,10.0,2,13.376027329418072,0.7116662283002267,"[1.0, 0.0]"
sst2_pos70_val872_n2000_nv872,LR,10.0,3,13.376027329418072,0.7116662283002267,"[1.0, 0.0]"
sst2_pos70_val872_n2000_nv872,LR,10.0,5,13.376027329418072,0.7116662283002267,"[1.0, 0.0]"
sst2_pos70_val872_n2000_nv872,LR,10.0,10,13.376027329418072,0.7116662283002267,"[1.0, 0.0]"
sst2_pos70_val872_n2000_nv872,FreeShap,,1,13.376027329418072,0.7116662283002267,"[1.0, 0.0]"
sst2_pos70_val872_n2000_nv872,FreeShap,,2,13.376027329418072,0.7116662283002267,"[1.0, 0.0]"
sst2_pos70_val872_n2000_nv872,FreeShap,,3,13.376027329418072,0.7116662283002267,"[1.0, 0.0]"
sst2_pos70_val872_n2000_nv872,FreeShap,,5,13.376027329418072,0.7116662283002267,"[1.0, 0.0]"
sst2_pos70_val872_n2000_nv872,FreeShap,,10,13.376027329418072,0.7116662283002267,"[1.0, 0.0]"
sst2_pos70_valbal856_n5000_nv856,A1,10.0,1,13.12236337740433,0.6931471805330074,"[1.0, 0.0]"
sst2_pos70_valbal856_n5000_nv856,A1,10.0,2,13.12236337740433,0.6931471805330074,"[1.0, 0.0]"
sst2_pos70_valbal856_n5000_nv856,A1,10.0,3,13.12236337740433,0.6931471805330074,"[1.0, 0.0]"
sst2_pos70_valbal856_n5000_nv856,A1,10.0,5,13.12236337740433,0.6931471805330074,"[1.0, 0.0]"
sst2_pos70_valbal856_n5000_nv856,A1,10.0,10,13.12236337740433,0.6931471805330074,"[1.0, 0.0]"
sst2_pos70_valbal856_n5000_nv856,LR,10.0,1,13.12236337740433,0.6931471805330074,"[1.0, 0.0]"
sst2_pos70_valbal856_n5000_nv856,LR,10.0,2,13.12236337740433,0.6931471805330074,"[1.0, 0.0]"
sst2_pos70_valbal856_n5000_nv856,LR,10.0,3,13.12236337740433,0.6931471805330074,"[1.0, 0.0]"
sst2_pos70_valbal856_n5000_nv856,LR,10.0,5,13.12236337740433,0.6931471805330074,"[1.0, 0.0]"
sst2_pos70_valbal856_n5000_nv856,LR,10.0,10,13.12236337740433,0.6931471805330074,"[1.0, 0.0]"
sst2_pos70_valbal856_n5000_nv856,FreeShap,,1,13.12236337740433,0.6931471805330074,"[1.0, 0.0]"
sst2_pos70_valbal856_n5000_nv856,FreeShap,,2,13.12236337740433,0.6931471805330074,"[1.0, 0.0]"
sst2_pos70_valbal856_n5000_nv856,FreeShap,,3,13.12236337740433,0.6931471805330074,"[1.0, 0.0]"
sst2_pos70_valbal856_n5000_nv856,FreeShap,,5,13.12236337740433,0.6931471805330074,"[1.0, 0.0]"
sst2_pos70_valbal856_n5000_nv856,FreeShap,,10,13.12236337740433,0.6931471805330074,"[1.0, 0.0]"
sst2_pos90_val872_n2000_nv872,A1,10.0,1,12.869036116281771,0.6749648614498356,"[0.0, 1.0]"
sst2_pos90_val872_n2000_nv872,A1,10.0,2,12.869036116281771,0.6749648614498356,"[0.0, 1.0]"
sst2_pos90_val872_n2000_nv872,A1,10.0,3,12.869036116281771,0.6749648614498356,"[0.0, 1.0]"
sst2_pos90_val872_n2000_nv872,A1,10.0,5,12.869036116281771,0.6749648614498356,"[0.0, 1.0]"
sst2_pos90_val872_n2000_nv872,A1,10.0,10,12.869036116281771,0.6749648614498356,"[0.0, 1.0]"
sst2_pos90_val872_n2000_nv872,LR,10.0,1,13.376027329418072,0.7116662283002267,"[1.0, 0.0]"
sst2_pos90_val872_n2000_nv872,LR,10.0,2,13.376027329418072,0.7116662283002267,"[1.0, 0.0]"
sst2_pos90_val872_n2000_nv872,LR,10.0,3,13.376027329418072,0.7116662283002267,"[1.0, 0.0]"
sst2_pos90_val872_n2000_nv872,LR,10.0,5,13.376027329418072,0.7116662283002267,"[1.0, 0.0]"
sst2_pos90_val872_n2000_nv872,LR,10.0,10,13.376027329418072,0.7116662283002267,"[1.0, 0.0]"
sst2_pos90_val872_n2000_nv872,FreeShap,,1,13.376027329418072,0.7116662283002267,"[1.0, 0.0]"
sst2_pos90_val872_n2000_nv872,FreeShap,,2,13.376027329418072,0.7116662283002267,"[1.0, 0.0]"
sst2_pos90_val872_n2000_nv872,FreeShap,,3,13.376027329418072,0.7116662283002267,"[1.0, 0.0]"
sst2_pos90_val872_n2000_nv872,FreeShap,,5,13.376027329418072,0.7116662283002267,"[1.0, 0.0]"
sst2_pos90_val872_n2000_nv872,FreeShap,,10,13.376027329418072,0.7116662283002267,"[1.0, 0.0]"
sst2_pos90_valbal856_n5000_nv856,A1,10.0,1,13.12236337740433,0.6931471805330074,"[0.0, 1.0]"
sst2_pos90_valbal856_n5000_nv856,A1,10.0,2,13.12236337740433,0.6931471805330074,"[0.0, 1.0]"
sst2_pos90_valbal856_n5000_nv856,A1,10.0,3,13.12236337740433,0.6931471805330074,"[0.0, 1.0]"
sst2_pos90_valbal856_n5000_nv856,A1,10.0,5,13.12236337740433,0.6931471805330074,"[0.0, 1.0]"
sst2_pos90_valbal856_n5000_nv856,A1,10.0,10,13.12236337740433,0.6931471805330074,"[0.0, 1.0]"
sst2_pos90_valbal856_n5000_nv856,LR,10.0,1,13.12236337740433,0.6931471805330074,"[1.0, 0.0]"
sst2_pos90_valbal856_n5000_nv856,LR,10.0,2,13.12236337740433,0.6931471805330074,"[1.0, 0.0]"
sst2_pos90_valbal856_n5000_nv856,LR,10.0,3,13.12236337740433,0.6931471805330074,"[1.0, 0.0]"
sst2_pos90_valbal856_n5000_nv856,LR,10.0,5,13.12236337740433,0.6931471805330074,"[1.0, 0.0]"
sst2_pos90_valbal856_n5000_nv856,LR,10.0,10,13.12236337740433,0.6931471805330074,"[1.0, 0.0]"
sst2_pos90_valbal856_n5000_nv856,FreeShap,,1,13.12236337740433,0.6931471805330074,"[1.0, 0.0]"
sst2_pos90_valbal856_n5000_nv856,FreeShap,,2,13.12236337740433,0.6931471805330074,"[1.0, 0.0]"
sst2_pos90_valbal856_n5000_nv856,FreeShap,,3,13.12236337740433,0.6931471805330074,"[1.0, 0.0]"
sst2_pos90_valbal856_n5000_nv856,FreeShap,,5,13.12236337740433,0.6931471805330074,"[1.0, 0.0]"
sst2_pos90_valbal856_n5000_nv856,FreeShap,,10,13.12236337740433,0.6931471805330074,"[1.0, 0.0]"
